region,income,population,place_of_residence,place_of_work,km2,parent,level,title
00000,22077232000,333271411,13599086000,15297028000,9150527,,0,United States
01000,262235600,5073903,150785780,168072450,131175,00000,1,Alabama
01001,2974989,59726,1860826,857970,1540,01000,2,"Autauga, AL"
01003,14205269,246531,7822289,5921633,4118,01000,2,"Baldwin, AL"
01005,1013459,24700,487077,534966,2292,01000,2,"Barbour, AL"
01007,839782,21986,483167,353900,1612,01000,2,"Bibb, AL"
01009,2622426,59516,1660498,769761,1670,01000,2,"Blount, AL"
01011,339075,10143,161160,177960,1613,01000,2,"Bullock, AL"
01013,886759,18668,465922,464699,2012,01000,2,"Butler, AL"
01015,4940057,115780,2544463,2993247,1569,01000,2,"Calhoun, AL"
01017,1347661,34164,680959,557224,1545,01000,2,"Chambers, AL"
01019,1129795,25353,595609,401198,1434,01000,2,"Cherokee, AL"
01021,1992286,45848,1144366,670627,1794,01000,2,"Chilton, AL"
01023,585809,12431,314989,370784,2366,01000,2,"Choctaw, AL"
01025,1011051,22574,522061,566053,3207,01000,2,"Clarke, AL"
01027,559598,14183,306353,310938,1564,01000,2,"Clay, AL"
01029,680233,15372,417471,248858,1451,01000,2,"Cleburne, AL"
01031,2839408,54840,1604433,1254222,1759,01000,2,"Coffee, AL"
01033,2598091,57993,1420449,1937263,1536,01000,2,"Colbert, AL"
01035,464565,11224,205733,219804,2202,01000,2,"Conecuh, AL"
01037,399284,10307,202863,112184,1686,01000,2,"Coosa, AL"
01039,1589079,37603,804213,822414,2669,01000,2,"Covington, AL"
01041,634361,13048,369420,315831,1577,01000,2,"Crenshaw, AL"
01043,4511192,90663,2802111,2485364,1903,01000,2,"Cullman, AL"
01045,2220906,49495,1198391,2087570,1453,01000,2,"Dale, AL"
01047,1557103,36729,690331,762495,2535,01000,2,"Dallas, AL"
01049,3034183,72082,1725266,1722299,2013,01000,2,"DeKalb, AL"
01051,4360892,89600,2581265,1341432,1602,01000,2,"Elmore, AL"
01053,1480506,36636,733171,859764,2449,01000,2,"Escambia, AL"
01055,4445035,102903,2271463,2193925,1386,01000,2,"Etowah, AL"
01057,687743,16082,332468,238939,1626,01000,2,"Fayette, AL"
01059,1359884,31910,799467,777189,1642,01000,2,"Franklin, AL"
01061,1136868,26760,600538,381630,1488,01000,2,"Geneva, AL"
01063,285013,7452,122489,103861,1676,01000,2,"Greene, AL"
01065,648678,14599,333810,186269,1668,01000,2,"Hale, AL"
01067,936566,17670,537536,377722,1455,01000,2,"Henry, AL"
01069,5615948,108047,3098712,3716936,1502,01000,2,"Houston, AL"
01071,2335147,52923,1285316,1091632,2792,01000,2,"Jackson, AL"
01073,44847595,665084,26235936,36969841,2879,01000,2,"Jefferson, AL"
01075,545141,13706,268519,228619,1567,01000,2,"Lamar, AL"
01077,4310478,95875,2296880,1975987,1730,01000,2,"Lauderdale, AL"
01079,1456621,33187,855636,406323,1789,01000,2,"Lawrence, AL"
01081,8337316,180698,5014268,4505389,1574,01000,2,"Lee, AL"
01083,5982942,110868,3943905,2581023,1450,01000,2,"Limestone, AL"
01085,495574,9783,251034,222725,1855,01000,2,"Lowndes, AL"
01087,721370,18532,353532,352367,1576,01000,2,"Macon, AL"
01089,25238763,403605,15769851,21942080,2076,01000,2,"Madison, AL"
01091,896344,18791,474030,537835,2530,01000,2,"Marengo, AL"
01093,1267321,29182,717607,787380,1923,01000,2,"Marion, AL"
01095,4687226,99428,2698156,2846536,1466,01000,2,"Marshall, AL"
01097,19919598,411398,11343020,15181904,3184,01000,2,"Mobile, AL"
01099,822884,19412,408839,451721,2656,01000,2,"Monroe, AL"
01101,11490897,226301,6132326,10730667,2034,01000,2,"Montgomery, AL"
01103,5907026,124231,3404852,4116248,1501,01000,2,"Morgan, AL"
01105,317337,7904,132156,124335,1864,01000,2,"Perry, AL"
01107,779400,18749,403174,290340,2283,01000,2,"Pickens, AL"
01109,1584376,33008,923454,1173269,1741,01000,2,"Pike, AL"
01111,953576,22460,492963,379543,1504,01000,2,"Randolph, AL"
01113,2291698,58594,1144921,921364,1661,01000,2,"Russell, AL"
01115,4526502,93881,2874133,1484540,1636,01000,2,"St. Clair, AL"
01117,15493618,230033,10107091,8746377,2034,01000,2,"Shelby, AL"
01119,461015,11889,219019,217434,2341,01000,2,"Sumter, AL"
01121,3347433,80748,1796973,2213734,1908,01000,2,"Talladega, AL"
01123,2006631,40913,1017747,831601,1856,01000,2,"Tallapoosa, AL"
01125,9985064,236690,5645488,7215842,3421,01000,2,"Tuscaloosa, AL"
01127,3175120,64438,1592200,1256697,2049,01000,2,"Walker, AL"
01129,686801,15094,387090,369621,2798,01000,2,"Washington, AL"
01131,393437,10139,153657,209728,2300,01000,2,"Wilcox, AL"
01133,1037795,23741,540668,612817,1588,01000,2,"Winston, AL"
02000,50606751,733276,30844589,34793152,1478941,00000,1,Alaska
02013,217797,3430,190841,220768,18092,02000,2,"Aleutians East Borough, AK"
02016,350185,5090,298776,351310,11378,02000,2,"Aleutians West Census Area, AK"
02020,21871379,286983,13319392,16421364,4421,02000,2,"Anchorage Municipality, AK"
02050,901103,18259,465615,516061,105224,02000,2,"Bethel Census Area, AK"
02060,137729,870,113273,134933,1248,02000,2,"Bristol Bay Borough, AK"
02063,483281,6899,332559,418338,24682,02000,2,"Chugach Census Area, AK*"
02066,149552,2609,83174,102880,63952,02000,2,"Copper River Census Area, AK*"
02068,189516,1575,113679,169591,32740,02000,2,"Denali Borough, AK"
02070,286530,4724,179516,199253,47485,02000,2,"Dillingham Census Area, AK"
02090,6464126,95202,4005891,4412294,18997,02000,2,"Fairbanks North Star Borough, AK"
02100,175801,2070,88737,84236,6069,02000,2,"Haines Borough, AK"
02105,155405,2279,82309,79211,16978,02000,2,"Hoonah-Angoon Census Area, AK*"
02110,2499302,31740,1602369,1825664,7003,02000,2,"Juneau City and Borough, AK"
02122,3662719,60611,1941335,1980003,41485,02000,2,"Kenai Peninsula Borough, AK"
02130,1008668,13772,599367,689040,12579,02000,2,"Ketchikan Gateway Borough, AK*"
02150,907740,12639,596564,674388,17324,02000,2,"Kodiak Island Borough, AK"
02158,309037,8214,116294,131572,44229,02000,2,"Kusilvak Census Area, AK*"
02164,94548,1377,57100,68718,61724,02000,2,"Lake and Peninsula Borough, AK"
02170,6627446,113472,4229583,2634263,63991,02000,2,"Matanuska-Susitna Borough, AK"
02180,625405,9791,353914,398004,59491,02000,2,"Nome Census Area, AK"
02185,833249,10811,638758,1546193,230052,02000,2,"North Slope Borough, AK"
02188,415239,7453,211085,320063,92367,02000,2,"Northwest Arctic Borough, AK"
02195,251977,3370,125359,142076,7513,02000,2,"Petersburg Borough, AK*"
02198,303687,5650,155768,173494,13643,02000,2,"Prince of Wales-Hyder Census Area, AK*"
02220,667740,8353,404333,437531,7433,02000,2,"Sitka City and Borough, AK"
02230,82095,1092,52368,59072,1124,02000,2,"Skagway Municipality, AK*"
02240,425781,7016,250862,341137,64312,02000,2,"Southeast Fairbanks Census Area, AK"
02275,126826,2071,57522,61965,6620,02000,2,"Wrangell City and Borough, AK*"
02282,43296,685,27462,30866,19744,02000,2,"Yakutat City and Borough, AK"
02290,339592,5169,150784,168864,377039,02000,2,"Yukon-Koyukuk Census Area, AK"
04000,434338862,7365684,253151269,284428651,294361,00000,1,Arizona
04001,3027671,65533,1110619,1259104,29003,04000,2,"Apache, AZ"
04003,6340860,125487,2845599,3339338,16083,04000,2,"Cochise, AZ"
04005,8422116,144223,4727840,5041626,48216,04000,2,"Coconino, AZ"
04007,2709778,53922,981719,1148173,12321,04000,2,"Gila, AZ"
04009,1614728,38822,798580,788260,11971,04000,2,"Graham, AZ"
04011,504146,9327,325402,607810,4771,04000,2,"Greenlee, AZ"
04012,937508,16535,415419,503319,11646,04000,2,"La Paz, AZ"
04013,292281668,4555833,182381400,213681052,23833,04000,2,"Maricopa, AZ"
04015,9644156,220905,4429921,4163384,34530,04000,2,"Mohave, AZ"
04017,4670268,108800,1779856,2086437,25769,04000,2,"Navajo, AZ"
04019,57924191,1057476,29298856,33186754,23799,04000,2,"Pima, AZ"
04021,21799122,465037,12408886,5820765,13898,04000,2,"Pinal, AZ"
04023,2272981,48680,1244704,1356414,3202,04000,2,"Santa Cruz, AZ"
04025,12784510,246230,5032891,5426215,21038,04000,2,"Yavapai, AZ"
04027,9405159,208874,5369577,6020000,14281,04000,2,"Yuma, AZ"
05000,168534750,3046404,86008846,98774618,134661,00000,1,Arkansas
05001,983291,16498,601431,798718,2570,05000,2,"Arkansas, AR"
05003,840479,18348,428985,498144,2397,05000,2,"Ashley, AR"
05005,1908770,42485,792366,1028545,1435,05000,2,"Baxter, AR"
05007,35380968,302822,12384043,14073849,2196,05000,2,"Benton, AR"
05009,1667891,38280,845289,1014919,1527,05000,2,"Boone, AR"
05011,493128,10168,257869,253487,1681,05000,2,"Bradley, AR"
05013,218869,4687,133530,258247,1628,05000,2,"Calhoun, AR"
05015,1224940,28717,633640,708236,1632,05000,2,"Carroll, AR"
05017,470388,9834,221604,216814,1650,05000,2,"Chicot, AR"
05019,907469,21276,457374,510867,2243,05000,2,"Clark, AR"
05021,641947,14271,338300,265127,1656,05000,2,"Clay, AR"
05023,1233087,25253,586315,439025,1435,05000,2,"Cleburne, AR"
05025,397111,7467,241480,119935,1549,05000,2,"Cleveland, AR"
05027,1023345,22286,527252,567651,1984,05000,2,"Columbia, AR"
05029,1043214,21021,591936,567306,1429,05000,2,"Conway, AR"
05031,5382209,112863,3215673,3988194,1832,05000,2,"Craighead, AR"
05033,2589240,61041,1455815,1312511,1542,05000,2,"Crawford, AR"
05035,2174091,47051,1245574,1177734,1587,05000,2,"Crittenden, AR"
05037,718488,16590,391557,328913,1596,05000,2,"Cross, AR"
05039,294663,6196,131532,152609,1728,05000,2,"Dallas, AR"
05041,535539,10758,284963,370097,1920,05000,2,"Desha, AR"
05043,803670,16912,432174,464700,2146,05000,2,"Drew, AR"
05045,6207074,127565,3810927,3119293,1676,05000,2,"Faulkner, AR"
05047,751939,17270,404854,336320,1577,05000,2,"Franklin, AR"
05049,435458,12355,177748,135473,1601,05000,2,"Fulton, AR"
05051,4963172,99982,2179389,2524112,1755,05000,2,"Garland, AR"
05053,868294,18129,534648,305744,1637,05000,2,"Grant, AR"
05055,1956918,46408,1111184,1094135,1495,05000,2,"Greene, AR"
05057,858856,19481,468483,562259,1883,05000,2,"Hempstead, AR"
05059,1278439,33149,645012,570648,1593,05000,2,"Hot Spring, AR"
05061,616679,12622,361063,486645,1521,05000,2,"Howard, AR"
05063,1752630,38254,987629,1308448,1978,05000,2,"Independence, AR"
05065,505791,14029,210245,194682,1503,05000,2,"Izard, AR"
05067,782239,16654,463238,503125,1641,05000,2,"Jackson, AR"
05069,2697769,64295,1344264,1953348,2259,05000,2,"Jefferson, AR"
05071,942077,25970,499099,532450,1712,05000,2,"Johnson, AR"
05073,312460,6129,174457,116678,1371,05000,2,"Lafayette, AR"
05075,702663,16194,356410,320675,1522,05000,2,"Lawrence, AR"
05077,317454,8367,150824,150116,1553,05000,2,"Lee, AR"
05079,441328,12910,252747,230385,1449,05000,2,"Lincoln, AR"
05081,500388,11865,264002,263865,1376,05000,2,"Little River, AR"
05083,886877,21258,433066,381477,1837,05000,2,"Logan, AR"
05085,3713998,75199,2262753,1005273,1998,05000,2,"Lonoke, AR"
05087,804003,17463,490209,364846,2161,05000,2,"Madison, AR"
05089,652105,17289,261837,229612,1545,05000,2,"Marion, AR"
05091,1734558,42608,920668,890196,1616,05000,2,"Miller, AR"
05093,1755628,38863,1006548,1566655,2336,05000,2,"Mississippi, AR"
05095,280886,6568,131882,141864,1573,05000,2,"Monroe, AR"
05097,335391,8543,144257,87958,2021,05000,2,"Montgomery, AR"
05099,336608,8179,158450,169643,1600,05000,2,"Nevada, AR"
05101,274750,7101,118145,63963,2127,05000,2,"Newton, AR"
05103,1074697,21994,571572,481722,1898,05000,2,"Ouachita, AR"
05105,470232,10073,260790,116795,1428,05000,2,"Perry, AR"
05107,699651,15350,326407,361026,1788,05000,2,"Phillips, AR"
05109,437624,10159,214639,190989,1555,05000,2,"Pike, AR"
05111,1006490,22453,536242,474279,1964,05000,2,"Poinsett, AR"
05113,792120,19334,385729,439494,2219,05000,2,"Polk, AR"
05115,2728373,64053,1525078,1824309,2101,05000,2,"Pope, AR"
05117,365079,8077,198593,134679,1677,05000,2,"Prairie, AR"
05119,24859260,399387,13675630,22744170,1964,05000,2,"Pulaski, AR"
05121,779020,18852,401605,394394,1688,05000,2,"Randolph, AR"
05123,820455,22402,378945,487554,1644,05000,2,"St. Francis, AR"
05125,6618486,127415,4076625,1921722,1874,05000,2,"Saline, AR"
05127,403040,9796,216607,223405,2312,05000,2,"Scott, AR"
05129,267935,7906,94037,85783,1725,05000,2,"Searcy, AR"
05131,6273225,129109,3483671,5002889,1376,05000,2,"Sebastian, AR"
05133,720272,15738,462136,437529,1460,05000,2,"Sevier, AR"
05135,789410,17836,360552,324757,1566,05000,2,"Sharp, AR"
05137,475351,12585,168896,176756,1571,05000,2,"Stone, AR"
05139,2032785,37813,1044680,1410576,2691,05000,2,"Union, AR"
05141,638050,16103,247258,239360,1838,05000,2,"Van Buren, AR"
05143,12993890,256682,8231081,10187763,2438,05000,2,"Washington, AR"
05145,3457350,77616,1938183,1719420,2678,05000,2,"White, AR"
05147,312667,6057,171291,172462,1518,05000,2,"Woodruff, AR"
05149,920059,20091,515859,497269,2409,05000,2,"Yell, AR"
06000,3003826087,39040616,1936166325,2168847969,403671,00000,1,California
06001,164187433,1628259,117883447,109852318,1910,06000,2,"Alameda, CA"
06003,80447,1190,40540,73978,1912,06000,2,"Alpine, CA"
06005,1983023,41493,1024530,1064343,1540,06000,2,"Amador, CA"
06007,11189969,207369,6146609,6725501,4238,06000,2,"Butte, CA"
06009,2587689,46556,1379563,942171,2642,06000,2,"Calaveras, CA"
06011,1217526,21909,715569,846071,2980,06000,2,"Colusa, CA"
06013,112301177,1157019,77350011,48302971,1857,06000,2,"Contra Costa, CA"
06015,1188045,27112,541186,653579,2606,06000,2,"Del Norte, CA"
06017,15339413,192787,9869531,5946607,4423,06000,2,"El Dorado, CA"
06019,51215012,1015359,30861662,35347841,15432,06000,2,"Fresno, CA"
06021,1449542,28360,829736,859554,3403,06000,2,"Glenn, CA"
06023,7224868,134944,3888982,4358435,9242,06000,2,"Humboldt, CA"
06025,8163630,178940,4846856,5633287,10815,06000,2,"Imperial, CA"
06027,1111840,18742,614358,707888,26411,06000,2,"Inyo, CA"
06029,40882242,916751,26141288,29822215,21069,06000,2,"Kern, CA"
06031,6511833,152987,4020562,4860263,3603,06000,2,"Kings, CA"
06033,3095224,68172,1505419,1323084,3254,06000,2,"Lake, CA"
06035,1233423,30020,651415,828073,11762,06000,2,"Lassen, CA"
06037,722935767,9719765,442604689,528043948,10513,06000,2,"Los Angeles, CA"
06039,7243863,160329,4621672,4798021,5535,06000,2,"Madera, CA"
06041,43242299,256154,26077262,17636477,1348,06000,2,"Marin, CA"
06043,1039259,17053,580294,477253,3752,06000,2,"Mariposa, CA"
06045,4959778,90007,2446357,2753073,9083,06000,2,"Mendocino, CA"
06047,13325802,290210,8136894,7388944,5019,06000,2,"Merced, CA"
06049,498936,8619,243098,266012,10226,06000,2,"Modoc, CA"
06051,857110,13002,541218,699993,7897,06000,2,"Mono, CA"
06053,28280705,432884,17898856,19868337,8500,06000,2,"Monterey, CA"
06055,11988357,134370,7278978,8446903,1938,06000,2,"Napa, CA"
06057,7282215,102401,4001475,3213063,2481,06000,2,"Nevada, CA"
06059,264973116,3150372,170498821,189861127,2053,06000,2,"Orange, CA"
06061,33467821,418074,22164610,19089071,3644,06000,2,"Placer, CA"
06063,1162788,19443,503466,582206,6612,06000,2,"Plumas, CA"
06065,126174731,2474241,81560832,69547411,18672,06000,2,"Riverside, CA"
06067,98175817,1584380,61924721,77360048,2500,06000,2,"Sacramento, CA"
06069,4212450,67643,3054580,1651970,3597,06000,2,"San Benito, CA"
06071,106853756,2194908,69787825,74198916,51976,06000,2,"San Bernardino, CA"
06073,244070477,3277176,155025902,178098435,10904,06000,2,"San Diego, CA"
06075,125358765,807774,83951241,159630269,122,06000,2,"San Francisco, CA"
06077,44768456,794293,29353393,25718997,3606,06000,2,"San Joaquin, CA"
06079,19281677,282046,11204183,11663740,8549,06000,2,"San Luis Obispo, CA"
06081,118715807,728929,79752079,95187578,1162,06000,2,"San Mateo, CA"
06083,34367316,443915,19646530,23106455,7081,06000,2,"Santa Barbara, CA"
06085,268052614,1878335,195059573,248627775,3344,06000,2,"Santa Clara, CA"
06087,22005209,264240,13813884,10938636,1153,06000,2,"Santa Cruz, CA"
06089,9788479,180937,5127271,5787371,9779,06000,2,"Shasta, CA"
06091,162553,3222,88356,57055,2469,06000,2,"Sierra, CA"
06093,2261860,43786,1034676,1208490,16262,06000,2,"Siskiyou, CA"
06095,27390326,448885,17921867,14543008,2129,06000,2,"Solano, CA"
06097,37966730,482669,22917926,22503341,4081,06000,2,"Sonoma, CA"
06099,28163193,551226,17682159,17680804,3875,06000,2,"Stanislaus, CA"
06101,5101531,98569,3147908,2801727,1561,06000,2,"Sutter, CA"
06103,3022410,65299,1619797,1637388,7638,06000,2,"Tehama, CA"
06105,566825,15778,217840,250409,8234,06000,2,"Trinity, CA"
06107,22457933,477884,13734843,14144527,12494,06000,2,"Tulare, CA"
06109,2869345,54587,1389984,1468623,5752,06000,2,"Tuolumne, CA"
06111,61627308,832871,39808984,35243022,4768,06000,2,"Ventura, CA"
06113,14107862,222018,9058214,12215003,2628,06000,2,"Yolo, CA"
06115,4082505,84353,2372803,2304364,1637,06000,2,"Yuba, CA"
08000,447854445,5841039,286384870,318422567,268419,00000,1,Colorado
08001,29888333,527509,21006981,23360629,3022,08000,2,"Adams, CO*"
08003,731637,16587,402563,577788,1872,08000,2,"Alamosa, CO"
08005,51124627,656269,32617999,39535059,2066,08000,2,"Arapahoe, CO"
08007,775861,13989,320926,360669,3497,08000,2,"Archuleta, CO"
08009,199613,3435,113655,119151,6617,08000,2,"Baca, CO"
08011,187293,5439,78480,87266,3918,08000,2,"Bent, CO"
08013,31245919,327339,18061987,23130779,1881,08000,2,"Boulder, CO*"
08014,6538647,76195,4620517,6172303,85,08000,2,"Broomfield, CO*"
08015,1270218,20265,592305,665238,2625,08000,2,"Chaffee, CO"
08017,138722,1731,89573,101302,4606,08000,2,"Cheyenne, CO"
08019,698497,9367,411605,269888,1023,08000,2,"Clear Creek, CO"
08021,344260,7587,186003,140308,3334,08000,2,"Conejos, CO"
08023,145673,3615,57797,53650,3179,08000,2,"Costilla, CO"
08025,135519,5627,58046,83829,2039,08000,2,"Crowley, CO"
08027,279273,5337,107433,98658,1913,08000,2,"Custer, CO"
08029,1515277,31560,681436,665956,2958,08000,2,"Delta, CO"
08031,81882151,713453,59023316,86691182,396,08000,2,"Denver, CO"
08033,98426,2460,49915,38645,2764,08000,2,"Dolores, CO"
08035,36598520,375937,25939935,16768709,2176,08000,2,"Douglas, CO"
08037,6478003,55218,3359883,3644119,4363,08000,2,"Eagle, CO"
08039,2047517,27842,1457335,431539,4794,08000,2,"Elbert, CO"
08041,45909316,740596,27846687,30757788,5507,08000,2,"El Paso, CO"
08043,2098779,49616,1038115,1155822,3973,08000,2,"Fremont, CO"
08045,4149089,62256,2252463,2430591,7634,08000,2,"Garfield, CO"
08047,392208,5886,251098,381926,389,08000,2,"Gilpin, CO"
08049,1097102,15734,572098,606281,4782,08000,2,"Grand, CO"
08051,1139362,17320,619594,734727,8389,08000,2,"Gunnison, CO"
08053,49245,771,21542,23080,2894,08000,2,"Hinsdale, CO"
08055,332509,7097,119388,117360,4121,08000,2,"Huerfano, CO"
08057,87259,1314,47829,46820,4180,08000,2,"Jackson, CO"
08059,47006547,575811,30651627,26058494,1980,08000,2,"Jefferson, CO*"
08061,100559,1434,64988,66399,4579,08000,2,"Kiowa, CO"
08063,364284,6983,209330,247840,5597,08000,2,"Kit Carson, CO"
08065,376604,7346,238150,219038,976,08000,2,"Lake, CO"
08067,4047404,56553,2077383,2362177,4376,08000,2,"La Plata, CO"
08069,24917487,367577,15036401,15846837,6723,08000,2,"Larimer, CO"
08071,657427,14311,292843,348183,12362,08000,2,"Las Animas, CO"
08073,222643,5510,122348,180731,6676,08000,2,"Lincoln, CO"
08075,1099798,20792,683134,746357,4762,08000,2,"Logan, CO"
08077,8754084,158531,4851332,5214404,8621,08000,2,"Mesa, CO"
08079,66326,931,36388,42861,2268,08000,2,"Mineral, CO"
08081,650858,13205,364037,388879,12285,08000,2,"Moffat, CO"
08083,1353125,26467,620827,612468,5256,08000,2,"Montezuma, CO"
08085,2337571,43807,1185227,1315449,5804,08000,2,"Montrose, CO"
08087,1555884,29266,1027113,1069851,3316,08000,2,"Morgan, CO"
08089,782859,18311,354875,413619,3268,08000,2,"Otero, CO"
08091,427320,5103,211510,203876,1400,08000,2,"Ouray, CO"
08093,1055409,17921,638433,259349,5681,08000,2,"Park, CO"
08095,254481,4448,149344,173071,1782,08000,2,"Phillips, CO"
08097,3924850,16847,1272650,1818156,2514,08000,2,"Pitkin, CO"
08099,555017,11873,302566,326078,4243,08000,2,"Prowers, CO"
08101,7970462,169472,4185899,4763541,6181,08000,2,"Pueblo, CO"
08103,394247,6549,224231,261236,8342,08000,2,"Rio Blanco, CO"
08105,641531,11337,347509,355040,2362,08000,2,"Rio Grande, CO"
08107,3058265,25072,1274061,1454930,6118,08000,2,"Routt, CO"
08109,272573,6627,134852,130737,8207,08000,2,"Saguache, CO"
08111,41340,806,23127,22694,1004,08000,2,"San Juan, CO"
08113,1155993,8008,580606,675487,3333,08000,2,"San Miguel, CO"
08115,129987,2286,71271,68763,1419,08000,2,"Sedgwick, CO"
08117,2986863,30636,1603071,1866771,1576,08000,2,"Summit, CO"
08119,1564951,24860,839800,585745,1443,08000,2,"Teller, CO"
08121,261100,4847,167990,146014,6522,08000,2,"Washington, CO"
08123,20760375,350266,14224831,10568908,10321,08000,2,"Weld, CO*"
08125,527366,9895,310612,357522,6124,08000,2,"Yuma, CO"
09000,306717612,3608706,197190595,195841281,12542,00000,1,Connecticut
09001,125255925,961923,79588947,68511980,1619,09000,2,"Fairfield, CT"
09003,64505119,896064,42798351,56986772,1903,09000,2,"Hartford, CT"
09005,14300274,186115,8928535,6356814,2384,09000,2,"Litchfield, CT"
09007,12649983,165899,8503738,7016779,956,09000,2,"Middlesex, CT"
09009,56176183,864269,35664933,37866383,1565,09000,2,"New Haven, CT"
09011,17785973,268039,11059211,12018843,1723,09000,2,"New London, CT"
09013,9704853,149741,6656672,3928599,1063,09000,2,"Tolland, CT"
09015,6339302,116656,3990208,3155111,1328,09000,2,"Windham, CT"
10000,65208215,1019459,37952797,45870315,5047,00000,1,Delaware
10001,9562632,187758,5496277,6119213,1518,10000,2,"Kent, DE"
10003,38597085,575254,23769974,31351828,1104,10000,2,"New Castle, DE"
10005,17048498,256447,8686546,8399274,2425,10000,2,"Sussex, DE"
11000,67776148,670949,46353922,117601655,158,00000,1,District of Columbia
11001,67776148,670949,46353922,117601655,158,11000,2,"District of Columbia, DC"
12000,1436107237,22245521,745834903,841921275,138958,00000,1,Florida
12001,14890571,284041,8745184,11585767,2268,12000,2,"Alachua, FL"
12003,1243140,27786,737167,454476,1516,12000,2,"Baker, FL"
12005,9950985,185210,5546637,6420039,1965,12000,2,"Bay, FL"
12007,1133639,27296,623550,424729,761,12000,2,"Bradford, FL"
12009,35666327,630707,19252856,21136597,2629,12000,2,"Brevard, FL"
12011,129028998,1946889,74850472,83996391,3115,12000,2,"Broward, FL"
12013,485617,13465,237097,183572,1469,12000,2,"Calhoun, FL"
12015,10499312,202582,3938364,4030021,1764,12000,2,"Charlotte, FL"
12017,7296811,162508,2653668,2570810,1507,12000,2,"Citrus, FL"
12019,12213440,226634,7252024,3990577,1566,12000,2,"Clay, FL"
12021,49788362,397516,16382583,16537227,5172,12000,2,"Collier, FL"
12023,3114784,71870,1634469,1720876,2066,12000,2,"Columbia, FL"
12027,1177161,35320,532009,723694,1649,12000,2,"DeSoto, FL"
12029,576408,17120,212152,180409,1826,12000,2,"Dixie, FL"
12031,57544154,1017011,35401005,56863745,1975,12000,2,"Duval, FL"
12033,17135152,323860,9366289,13207380,1702,12000,2,"Escambia, FL"
12035,7502785,126758,3564902,2060547,1259,12000,2,"Flagler, FL"
12037,543162,12492,212126,244068,1411,12000,2,"Franklin, FL"
12039,1942002,43393,1011723,1055890,1337,12000,2,"Gadsden, FL"
12041,806321,19002,448045,278059,906,12000,2,"Gilchrist, FL"
12043,393823,12463,202080,187125,2090,12000,2,"Glades, FL"
12045,739734,15299,347568,311002,1433,12000,2,"Gulf, FL"
12047,465086,13194,210795,240972,1332,12000,2,"Hamilton, FL"
12049,899401,25651,483481,485656,1651,12000,2,"Hardee, FL"
12051,1654826,41391,947653,983823,2994,12000,2,"Hendry, FL"
12053,9574749,206935,4772972,3420778,1225,12000,2,"Hernando, FL"
12055,4381923,105649,1697208,1847471,2636,12000,2,"Highlands, FL"
12057,90653818,1513473,57134618,76278077,2647,12000,2,"Hillsborough, FL"
12059,760311,19653,348116,244199,1240,12000,2,"Holmes, FL"
12061,16329819,167267,5625781,5041649,1302,12000,2,"Indian River, FL"
12063,1882727,48255,860358,988893,2378,12000,2,"Jackson, FL"
12065,727779,15069,387005,190347,1549,12000,2,"Jefferson, FL"
12067,268492,7777,148179,114772,1407,12000,2,"Lafayette, FL"
12069,21342094,410090,11287885,8044843,2465,12000,2,"Lake, FL"
12071,50584954,822391,21139494,25342920,2023,12000,2,"Lee, FL"
12073,15863510,297282,9985321,12844945,1731,12000,2,"Leon, FL"
12075,2012853,45253,1011210,637419,2896,12000,2,"Levy, FL"
12077,251389,7613,135348,135172,2164,12000,2,"Liberty, FL"
12079,768323,18230,363722,340840,1804,12000,2,"Madison, FL"
12081,25868221,429169,12323434,11412638,1924,12000,2,"Manatee, FL"
12083,17583866,396437,7648785,8234982,4114,12000,2,"Marion, FL"
12085,17092890,161987,6503016,6062115,1408,12000,2,"Martin, FL"
12086,188443548,2673056,100407908,124728916,4921,12000,2,"Miami-Dade, FL"
12087,9666307,81618,3373652,3944687,2546,12000,2,"Monroe, FL"
12089,7321747,97826,3882820,2119331,1680,12000,2,"Nassau, FL"
12091,12874219,216464,6832365,10341759,2409,12000,2,"Okaloosa, FL"
12093,1624784,40373,829430,826681,1992,12000,2,"Okeechobee, FL"
12095,82163831,1451761,53539837,81876801,2336,12000,2,"Orange, FL"
12097,18974153,422543,11922771,8207284,3438,12000,2,"Osceola, FL"
12099,165178371,1519867,67048880,70953273,5088,12000,2,"Palm Beach, FL"
12101,32291202,609141,19653046,10749986,1934,12000,2,"Pasco, FL"
12103,64833785,961792,34565082,40200843,709,12000,2,"Pinellas, FL"
12105,33981492,788382,17830894,19809930,4656,12000,2,"Polk, FL"
12107,3004794,74736,1362020,1200254,1886,12000,2,"Putnam, FL"
12109,25789369,307072,15426758,7958165,1556,12000,2,"St. Johns, FL"
12111,18301604,358886,9553393,6647587,1481,12000,2,"St. Lucie, FL"
12113,11195969,198199,6815086,3625607,2622,12000,2,"Santa Rosa, FL"
12115,36659366,462552,12971421,16729150,1440,12000,2,"Sarasota, FL"
12117,28423245,478623,18560401,18542024,801,12000,2,"Seminole, FL"
12119,9571155,144767,2852971,3403946,1443,12000,2,"Sumter, FL"
12121,1888591,45405,961055,902872,1783,12000,2,"Suwannee, FL"
12123,775301,21313,353802,441441,2702,12000,2,"Taylor, FL"
12125,419329,15514,210564,247006,631,12000,2,"Union, FL"
12127,30428742,579665,15514490,13693819,2852,12000,2,"Volusia, FL"
12129,1697959,35169,1104408,461846,1571,12000,2,"Wakulla, FL"
12131,7036755,83404,3645790,2865182,2689,12000,2,"Walton, FL"
12133,921900,25405,449708,387373,1514,12000,2,"Washington, FL"
13000,625219288,10913150,391383420,442699026,149486,00000,1,Georgia
13001,822449,18437,491248,697998,1316,13000,2,"Appling, GA"
13003,309773,8160,188870,177531,888,13000,2,"Atkinson, GA"
13005,453803,11173,267700,282213,736,13000,2,"Bacon, GA"
13007,137584,2792,78959,50735,886,13000,2,"Baker, GA"
13009,1889095,43633,853231,980612,670,13000,2,"Baldwin, GA"
13011,866670,19342,577091,374263,602,13000,2,"Banks, GA"
13013,4304226,89245,2890290,1896014,417,13000,2,"Barrow, GA"
13015,5549724,112815,3587402,3415898,1189,13000,2,"Bartow, GA"
13017,688817,17057,321725,389335,648,13000,2,"Ben Hill, GA"
13019,747033,18215,390838,282143,1174,13000,2,"Berrien, GA"
13021,7284080,156126,3659208,6136975,646,13000,2,"Bibb, GA"
13023,512692,12279,270519,161043,559,13000,2,"Bleckley, GA"
13025,665024,18210,382084,240467,1148,13000,2,"Brantley, GA"
13027,653789,16284,335868,274723,1277,13000,2,"Brooks, GA"
13029,2814758,48218,1907475,821042,1133,13000,2,"Bryan, GA"
13031,3281890,83038,1920658,1816966,1751,13000,2,"Bulloch, GA"
13033,1035115,24434,580602,1512264,2142,13000,2,"Burke, GA"
13035,1120497,26745,651768,540081,476,13000,2,"Butts, GA"
13037,188798,5474,83509,84424,726,13000,2,"Calhoun, GA"
13039,2552806,56971,1481894,1457642,1633,13000,2,"Camden, GA"
13043,455582,10962,239850,221920,630,13000,2,"Candler, GA"
13045,6215762,124530,3722240,3575833,1293,13000,2,"Carroll, GA"
13047,3020270,68836,1952140,1211232,420,13000,2,"Catoosa, GA"
13049,403874,12788,220696,137505,2020,13000,2,"Charlton, GA"
13051,17060925,301025,9849558,14337779,1122,13000,2,"Chatham, GA"
13053,330249,8746,163068,1517937,644,13000,2,"Chattahoochee, GA"
13055,926377,24962,468459,347269,812,13000,2,"Chattooga, GA"
13057,18928671,281194,13241167,6225782,1091,13000,2,"Cherokee, GA"
13059,5468300,129726,3161498,5533636,309,13000,2,"Clarke, GA"
13061,109090,2853,45079,34788,506,13000,2,"Clay, GA"
13063,10107665,298399,5925925,10954132,367,13000,2,"Clayton, GA"
13065,293725,6679,164418,177562,2111,13000,2,"Clinch, GA"
13067,55378964,771840,38002388,40739730,880,13000,2,"Cobb, GA"
13069,1700516,43247,995742,1182659,1534,13000,2,"Coffee, GA"
13071,1902500,45830,1031662,1094714,1417,13000,2,"Colquitt, GA"
13073,9604243,162471,6167502,2976021,752,13000,2,"Columbia, GA"
13075,685174,17409,362700,279040,592,13000,2,"Cook, GA"
13077,9053922,152879,6196172,3392820,1142,13000,2,"Coweta, GA"
13079,497007,12169,294823,107185,842,13000,2,"Crawford, GA"
13081,910554,19729,468674,572595,706,13000,2,"Crisp, GA"
13083,681922,16090,387386,300634,451,13000,2,"Dade, GA"
13085,1816796,30189,1178990,673646,546,13000,2,"Dawson, GA"
13087,1249377,29019,691915,635106,1547,13000,2,"Decatur, GA"
13089,49263304,761779,32016744,32053948,693,13000,2,"DeKalb, GA"
13091,723286,19873,349794,283339,1285,13000,2,"Dodge, GA"
13093,483548,10585,266825,261815,1017,13000,2,"Dooly, GA"
13095,3807102,82895,1823357,3480004,851,13000,2,"Dougherty, GA"
13097,6451778,147453,4120947,3479283,518,13000,2,"Douglas, GA"
13099,463881,10560,240688,327797,1328,13000,2,"Early, GA"
13101,122955,3686,77724,29315,1089,13000,2,"Echols, GA"
13103,3369183,69034,2371888,918699,1240,13000,2,"Effingham, GA"
13105,857119,19873,410296,430693,909,13000,2,"Elbert, GA"
13107,909067,22946,472135,480953,1763,13000,2,"Emanuel, GA"
13109,433375,10659,245117,272205,474,13000,2,"Evans, GA"
13111,1316067,25733,587181,591642,1003,13000,2,"Fannin, GA"
13113,8984899,121981,5996513,4120817,504,13000,2,"Fayette, GA"
13115,4408242,99437,2416130,3004742,1320,13000,2,"Floyd, GA"
13117,21381152,267312,16157256,8021734,582,13000,2,"Forsyth, GA"
13119,1075318,24146,623070,703023,677,13000,2,"Franklin, GA"
13121,107989235,1073698,68699432,127775520,1364,13000,2,"Fulton, GA"
13123,1488007,32403,732315,645591,1104,13000,2,"Gilmer, GA"
13125,116414,2928,64000,21793,372,13000,2,"Glascock, GA"
13127,5079974,85145,2461723,3129683,1087,13000,2,"Glynn, GA"
13129,2671255,58855,1690442,1963518,923,13000,2,"Gordon, GA"
13131,999758,25994,566289,458987,1177,13000,2,"Grady, GA"
13133,1597842,20111,541330,619573,1004,13000,2,"Greene, GA"
13135,50496468,976173,35156639,36674470,1116,13000,2,"Gwinnett, GA"
13137,1924685,47465,1056387,1034414,717,13000,2,"Habersham, GA"
13139,12146226,212621,7695045,8604918,1018,13000,2,"Hall, GA"
13141,304655,8417,130971,93832,1220,13000,2,"Hancock, GA"
13143,1418469,31355,866749,557938,731,13000,2,"Haralson, GA"
13145,2078218,36257,1258902,400475,1201,13000,2,"Harris, GA"
13147,1241091,26886,655802,582263,602,13000,2,"Hart, GA"
13149,481981,11716,294401,204527,767,13000,2,"Heard, GA"
13151,11824827,248472,7759122,5302283,825,13000,2,"Henry, GA"
13153,8234423,169775,4827281,5580527,974,13000,2,"Houston, GA"
13155,401260,9114,213936,168343,918,13000,2,"Irwin, GA"
13157,4723815,84009,3207473,2971022,880,13000,2,"Jackson, GA"
13159,751406,15979,453611,162247,954,13000,2,"Jasper, GA"
13161,560638,14891,313947,304998,857,13000,2,"Jeff Davis, GA"
13163,649097,15294,304387,344463,1364,13000,2,"Jefferson, GA"
13165,316874,8655,163035,115310,900,13000,2,"Jenkins, GA"
13167,299497,9211,134919,82401,785,13000,2,"Johnson, GA"
13169,1257694,28512,778999,274936,1020,13000,2,"Jones, GA"
13171,864245,19473,512615,323682,475,13000,2,"Lamar, GA"
13173,349036,10177,194219,96347,509,13000,2,"Lanier, GA"
13175,2146397,49710,1138183,1361024,2091,13000,2,"Laurens, GA"
13177,1744120,33678,1202076,505541,922,13000,2,"Lee, GA"
13179,2726580,67919,1489669,3028166,1338,13000,2,"Liberty, GA"
13181,366537,7859,203254,94678,545,13000,2,"Lincoln, GA"
13183,721183,18395,427458,94295,1037,13000,2,"Long, GA"
13185,5238287,119499,2938114,3708720,1288,13000,2,"Lowndes, GA"
13187,1631446,34706,916058,640588,733,13000,2,"Lumpkin, GA"
13189,939611,21690,516358,446291,667,13000,2,"McDuffie, GA"
13191,546962,11183,252350,122408,1117,13000,2,"McIntosh, GA"
13193,520026,11777,291392,295486,1038,13000,2,"Macon, GA"
13195,1483939,31450,905809,400288,731,13000,2,"Madison, GA"
13197,286738,7436,140420,68656,947,13000,2,"Marion, GA"
13199,930923,20890,498282,321033,1297,13000,2,"Meriwether, GA"
13201,302018,5774,165361,151508,731,13000,2,"Miller, GA"
13205,962187,21192,547598,534071,1326,13000,2,"Mitchell, GA"
13207,1612497,29469,1023360,640221,1026,13000,2,"Monroe, GA"
13209,318971,8643,186346,96281,625,13000,2,"Montgomery, GA"
13211,1288633,21024,744359,691727,900,13000,2,"Morgan, GA"
13213,1545348,40410,918427,590090,892,13000,2,"Murray, GA"
13215,9966085,202432,4718634,7470062,561,13000,2,"Muscogee, GA"
13217,4951656,117752,3029981,1811391,709,13000,2,"Newton, GA"
13219,3632345,43624,2373472,1435817,477,13000,2,"Oconee, GA"
13221,730905,15531,447365,210919,1137,13000,2,"Oglethorpe, GA"
13223,8520755,178753,6096555,2080414,809,13000,2,"Paulding, GA"
13225,1269881,28486,649762,667451,389,13000,2,"Peach, GA"
13227,2109509,34825,1215865,736405,601,13000,2,"Pickens, GA"
13229,845842,20190,460818,290424,882,13000,2,"Pierce, GA"
13231,1009058,19955,678943,247719,560,13000,2,"Pike, GA"
13233,1767313,43669,1004515,773976,804,13000,2,"Polk, GA"
13235,408204,9963,199983,184779,646,13000,2,"Pulaski, GA"
13237,1292851,22933,647761,442426,893,13000,2,"Putnam, GA"
13239,86226,2259,35303,19240,392,13000,2,"Quitman, GA"
13241,890873,17267,335202,374500,959,13000,2,"Rabun, GA"
13243,264062,6126,124090,117928,1109,13000,2,"Randolph, GA"
13245,9035390,206344,4726572,9930167,840,13000,2,"Richmond, GA"
13247,3964012,94945,2371216,2806524,336,13000,2,"Rockdale, GA"
13249,199321,4497,126315,81430,432,13000,2,"Schley, GA"
13251,576401,13970,279211,186228,1673,13000,2,"Screven, GA"
13253,413048,9144,227658,218172,615,13000,2,"Seminole, GA"
13255,2958367,69008,1596673,1624825,508,13000,2,"Spalding, GA"
13257,1214597,26746,616542,625157,463,13000,2,"Stephens, GA"
13259,168347,4604,77121,118280,1188,13000,2,"Stewart, GA"
13261,1267655,28864,628780,754875,1251,13000,2,"Sumter, GA"
13263,264214,5757,125758,58606,1014,13000,2,"Talbot, GA"
13265,69974,1608,37779,22342,504,13000,2,"Taliaferro, GA"
13267,885451,23988,506338,482653,1245,13000,2,"Tattnall, GA"
13269,298889,7762,137757,110630,976,13000,2,"Taylor, GA"
13271,358450,12378,150890,150799,1133,13000,2,"Telfair, GA"
13273,413050,8792,209215,158309,870,13000,2,"Terrell, GA"
13275,2472485,45551,1329210,1639714,1411,13000,2,"Thomas, GA"
13277,1905476,41335,1072183,1549422,676,13000,2,"Tift, GA"
13279,1148999,26813,624587,742062,943,13000,2,"Toombs, GA"
13281,624390,12961,198537,242496,431,13000,2,"Towns, GA"
13283,250168,6359,122055,70806,517,13000,2,"Treutlen, GA"
13285,3184341,70247,1851232,2881527,1072,13000,2,"Troup, GA"
13287,340194,8836,168574,142148,739,13000,2,"Turner, GA"
13289,337342,7676,165992,126215,930,13000,2,"Twiggs, GA"
13291,1201488,26390,437907,533081,834,13000,2,"Union, GA"
13293,1183959,28093,626355,470346,838,13000,2,"Upson, GA"
13295,2952503,68965,1623640,1131573,1156,13000,2,"Walker, GA"
13297,5412014,103064,3437048,2078462,846,13000,2,"Walton, GA"
13299,1395684,35597,661659,1049294,2329,13000,2,"Ware, GA"
13301,212817,5157,103854,103775,736,13000,2,"Warren, GA"
13303,825968,19765,392821,436167,1757,13000,2,"Washington, GA"
13305,1178602,30737,650146,602254,1662,13000,2,"Wayne, GA"
13307,93152,2337,50094,38750,543,13000,2,"Webster, GA"
13309,171540,7310,82820,84442,765,13000,2,"Wheeler, GA"
13311,1400350,28804,761615,628820,624,13000,2,"White, GA"
13313,4768991,103095,2826444,4526482,752,13000,2,"Whitfield, GA"
13315,295716,8751,150488,118483,979,13000,2,"Wilcox, GA"
13317,501503,9565,285330,270713,1216,13000,2,"Wilkes, GA"
13319,366781,8677,183648,255118,1163,13000,2,"Wilkinson, GA"
13321,852237,20431,473606,217392,1478,13000,2,"Worth, GA"
15000,90053894,1439399,54566024,61821721,16634,00000,1,Hawaii
15001,10432692,206348,5277960,5985674,10434,15000,2,"Hawaii, HI"
15003,65368147,994828,40957679,46487336,1556,15000,2,"Honolulu, HI"
15007,4304153,73783,2406981,2746815,1605,15000,2,"Kauai, HI"
15901,9948902,164440,5923404,6601896,31,15000,2,"Maui + Kalawao, HI*"
16000,110794440,1938996,63773514,70201194,214050,00000,1,Idaho
16001,35958955,519004,21546066,26467982,2725,16000,2,"Ada, ID"
16003,210212,4791,85078,106387,3530,16000,2,"Adams, ID"
16005,4303194,89625,2520769,2518503,2881,16000,2,"Bannock, ID"
16007,323573,6730,188867,149159,2527,16000,2,"Bear Lake, ID"
16009,453387,10291,228271,284928,2012,16000,2,"Benewah, ID"
16011,2395802,49973,1487125,1336158,5423,16000,2,"Bingham, ID"
16013,4356573,24901,1232230,1411288,6832,16000,2,"Blaine, ID"
16015,438297,8360,226542,121572,4920,16000,2,"Boise, ID"
16017,2729795,51407,1136627,1235342,4489,16000,2,"Bonner, ID"
16019,7450767,129543,4817265,5305125,4833,16000,2,"Bonneville, ID"
16021,609618,13272,297522,319127,3286,16000,2,"Boundary, ID"
16023,143537,2698,86008,1209787,5792,16000,2,"Butte, ID"
16025,74428,1169,48733,56902,2782,16000,2,"Camas, ID"
16027,11621260,250892,7088221,6333322,1520,16000,2,"Canyon, ID"
16029,357543,7200,220574,342900,4569,16000,2,"Caribou, ID"
16031,1395943,25644,898057,1073461,6645,16000,2,"Cassia, ID"
16033,40326,810,29385,31529,4567,16000,2,"Clark, ID"
16035,385894,9035,165864,209545,6364,16000,2,"Clearwater, ID"
16037,227303,4518,106675,115363,12748,16000,2,"Custer, ID"
16039,1324986,29391,704275,912307,7964,16000,2,"Elmore, ID"
16041,689080,15170,455435,322859,1717,16000,2,"Franklin, ID"
16043,641563,14017,365011,297083,4828,16000,2,"Fremont (includes Yellowstone Park), ID"
16045,942187,20454,489410,313766,1450,16000,2,"Gem, ID"
16047,1161822,15879,855900,843535,1889,16000,2,"Gooding, ID"
16049,775573,17637,350362,378077,21957,16000,2,"Idaho, ID"
16051,1586808,33336,1062376,717676,2833,16000,2,"Jefferson, ID"
16053,1201752,25244,772116,907976,1548,16000,2,"Jerome, ID"
16055,10992493,183290,6017126,5793088,3206,16000,2,"Kootenai, ID"
16057,2131207,40924,1249620,1150047,2786,16000,2,"Latah, ID"
16059,435657,8284,189405,212201,11820,16000,2,"Lemhi, ID"
16061,221671,3725,102585,126907,1240,16000,2,"Lewis, ID"
16063,280800,5385,187377,202461,3112,16000,2,"Lincoln, ID"
16065,1545032,54958,945892,1174392,1215,16000,2,"Madison, ID"
16067,1103680,22208,707154,704671,1961,16000,2,"Minidoka, ID"
16069,2307785,42909,1329833,1728139,2197,16000,2,"Nez Perce, ID"
16071,224849,4740,134154,97103,3105,16000,2,"Oneida, ID"
16073,622556,12645,382670,310165,19861,16000,2,"Owyhee, ID"
16075,1304345,26929,737508,582551,1054,16000,2,"Payette, ID"
16077,403159,8136,262422,340993,3636,16000,2,"Power, ID"
16079,619487,13935,303069,351730,6831,16000,2,"Shoshone, ID"
16081,810244,12519,449009,372507,1163,16000,2,"Teton, ID"
16083,4720397,93821,2748409,3115877,4977,16000,2,"Twin Falls, ID"
16085,782388,12450,345467,409776,9493,16000,2,"Valley, ID"
16087,488512,11147,217050,206927,3763,16000,2,"Washington, ID"
17000,862729052,12582515,546665292,615943796,143778,00000,1,Illinois
17001,3694431,64556,2147757,2605292,2215,17000,2,"Adams, IL"
17003,240794,4841,97411,78176,610,17000,2,"Alexander, IL"
17005,756770,16536,430827,368838,985,17000,2,"Bond, IL"
17007,2948889,53068,1962663,1160261,727,17000,2,"Boone, IL"
17009,298223,6316,207964,392016,792,17000,2,"Brown, IL"
17011,1708443,32827,988069,876288,2251,17000,2,"Bureau, IL"
17013,249180,4353,152586,76046,657,17000,2,"Calhoun, IL"
17015,811777,15579,459983,441936,1154,17000,2,"Carroll, IL"
17017,646360,12638,411360,462382,973,17000,2,"Cass, IL"
17019,11480505,206169,7426710,9077795,2580,17000,2,"Champaign, IL"
17021,1689975,33390,1006189,838206,1838,17000,2,"Christian, IL"
17023,801916,15160,478210,394306,1299,17000,2,"Clark, IL"
17025,656645,13077,352419,365354,1213,17000,2,"Clay, IL"
17027,2232607,36937,1459574,942220,1228,17000,2,"Clinton, IL"
17029,2457028,46346,1447525,1833541,1316,17000,2,"Coles, IL"
17031,376588994,5111566,233087271,302382762,2447,17000,2,"Cook, IL"
17033,1060919,18495,667733,743457,1149,17000,2,"Crawford, IL"
17035,969221,10308,776552,643552,896,17000,2,"Cumberland, IL"
17037,5135882,100223,3299786,3089603,1635,17000,2,"DeKalb, IL"
17039,890395,15365,570343,587041,1030,17000,2,"De Witt, IL"
17041,1359303,19667,986511,953267,1079,17000,2,"Douglas, IL"
17043,83502240,921664,57209325,70111655,849,17000,2,"DuPage, IL"
17045,944605,16385,570419,628052,1614,17000,2,"Edgar, IL"
17047,309694,6058,192840,184513,576,17000,2,"Edwards, IL"
17049,2211660,34300,1346520,1773038,1240,17000,2,"Effingham, IL"
17051,973435,21270,562183,455014,1856,17000,2,"Fayette, IL"
17053,927761,13256,653252,651894,1258,17000,2,"Ford, IL"
17055,1709290,37215,882913,683795,1059,17000,2,"Franklin, IL"
17057,1601239,32935,910205,655666,2242,17000,2,"Fulton, IL"
17059,268661,4823,148885,123580,836,17000,2,"Gallatin, IL"
17061,630111,11640,391919,280841,1406,17000,2,"Greene, IL"
17063,3166527,53149,2222091,2246760,1083,17000,2,"Grundy, IL"
17065,427574,7981,255211,197694,1126,17000,2,"Hamilton, IL"
17067,996665,17254,613448,464877,2056,17000,2,"Hancock, IL"
17069,185946,3572,97826,85175,459,17000,2,"Hardin, IL"
17071,361024,6168,230032,156693,981,17000,2,"Henderson, IL"
17073,2763654,48596,1728045,1130748,2132,17000,2,"Henry, IL"
17075,1519595,26493,933118,765658,2894,17000,2,"Iroquois, IL"
17077,2474405,52477,1340833,2133568,1511,17000,2,"Jackson, IL"
17079,523383,9172,318859,254113,1281,17000,2,"Jasper, IL"
17081,1746231,36419,971860,1479732,1479,17000,2,"Jefferson, IL"
17083,1133472,21191,692683,410477,957,17000,2,"Jersey, IL"
17085,1258834,21845,678688,557514,1556,17000,2,"Jo Daviess, IL"
17087,526794,13391,304334,165798,890,17000,2,"Johnson, IL"
17089,33252364,514139,22864691,19318760,1345,17000,2,"Kane, IL"
17091,5430049,105998,3276559,3288278,1752,17000,2,"Kankakee, IL"
17093,8034247,137494,6101510,2337040,829,17000,2,"Kendall, IL"
17095,2326336,48620,1225758,1368413,1855,17000,2,"Knox, IL"
17097,66825326,709899,42073116,45068566,1149,17000,2,"Lake, IL"
17099,5838717,108181,3625078,3444733,2940,17000,2,"LaSalle, IL"
17101,624634,14891,310301,368238,964,17000,2,"Lawrence, IL"
17103,1769264,33938,1088762,1017508,1877,17000,2,"Lee, IL"
17105,2035063,35517,1327148,1315054,2703,17000,2,"Livingston, IL"
17107,1347942,27666,813363,758707,1601,17000,2,"Logan, IL"
17109,1322389,26914,751747,896892,1526,17000,2,"McDonough, IL"
17111,20577443,311558,13976948,7942092,1563,17000,2,"McHenry, IL"
17113,10088968,170918,6879167,8054426,3065,17000,2,"McLean, IL"
17115,5825249,101333,3511102,4555870,1504,17000,2,"Macon, IL"
17117,2295598,44123,1367987,854481,2235,17000,2,"Macoupin, IL"
17119,14961964,263572,9384646,8407419,1853,17000,2,"Madison, IL"
17121,1883282,36905,957974,968052,1483,17000,2,"Marion, IL"
17123,659854,11671,407214,279252,1002,17000,2,"Marshall, IL"
17125,716346,12699,427454,316924,1397,17000,2,"Mason, IL"
17127,638860,13827,322479,259494,614,17000,2,"Massac, IL"
17129,696074,12072,442351,190564,814,17000,2,"Menard, IL"
17131,932252,15533,612468,361830,1454,17000,2,"Mercer, IL"
17133,2452661,35001,1611772,660465,998,17000,2,"Monroe, IL"
17135,1222378,27901,633121,667815,1823,17000,2,"Montgomery, IL"
17137,1646528,32298,914712,1047996,1474,17000,2,"Morgan, IL"
17139,1205655,14375,916759,838045,870,17000,2,"Moultrie, IL"
17141,2839047,51345,1822054,1387719,1965,17000,2,"Ogle, IL"
17143,10427195,178000,6260852,9903820,1602,17000,2,"Peoria, IL"
17145,948923,20512,548621,467150,1145,17000,2,"Perry, IL"
17147,1138591,16675,782834,386049,1137,17000,2,"Piatt, IL"
17149,808624,14499,492086,418434,2153,17000,2,"Pike, IL"
17151,142543,3746,62993,43027,955,17000,2,"Pope, IL"
17153,226138,4950,104690,115239,516,17000,2,"Pulaski, IL"
17155,375362,5553,254752,251139,415,17000,2,"Putnam, IL"
17157,1408275,30026,773684,822116,1490,17000,2,"Randolph, IL"
17159,815908,15555,463319,489944,932,17000,2,"Richland, IL"
17161,7071920,141559,4127509,7039036,1107,17000,2,"Rock Island, IL"
17163,14182278,252265,8345970,8335513,1703,17000,2,"St. Clair, IL"
17165,1122016,23052,560564,595271,984,17000,2,"Saline, IL"
17167,11171997,194151,6642198,8442127,2249,17000,2,"Sangamon, IL"
17169,361228,6753,233378,169641,1133,17000,2,"Schuyler, IL"
17171,270501,4771,180026,123554,650,17000,2,"Scott, IL"
17173,1102801,20710,671810,487001,1965,17000,2,"Shelby, IL"
17175,332421,5313,217896,195366,746,17000,2,"Stark, IL"
17177,2308901,43556,1306636,1422814,1461,17000,2,"Stephenson, IL"
17179,7400536,129610,4640932,3760174,1674,17000,2,"Tazewell, IL"
17181,820960,16772,423712,324558,1071,17000,2,"Union, IL"
17183,3585797,72103,2072868,2251561,2327,17000,2,"Vermilion, IL"
17185,579962,11040,323200,272750,578,17000,2,"Wabash, IL"
17187,922432,16360,596274,611623,1405,17000,2,"Warren, IL"
17189,833962,13623,523245,661920,1457,17000,2,"Washington, IL"
17191,805082,15843,474172,418114,1849,17000,2,"Wayne, IL"
17193,815691,13595,473763,433552,1282,17000,2,"White, IL"
17195,2884997,54555,1649705,1690561,1772,17000,2,"Whiteside, IL"
17197,45203750,698046,31753952,22475830,2165,17000,2,"Will, IL"
17199,3531563,66544,2119386,2101403,1088,17000,2,"Williamson, IL"
17201,14406946,281542,8657634,10360787,1329,17000,2,"Winnebago, IL"
17203,2432205,38177,1607458,989895,1366,17000,2,"Woodford, IL"
18000,402919467,6832274,255502717,278470799,92789,00000,1,Indiana
18001,1812012,36151,1175334,1281543,878,18000,2,"Adams, IN"
18003,22878622,391644,14076247,16892397,1702,18000,2,"Allen, IN"
18005,5241135,83394,3332707,4761022,1054,18000,2,"Bartholomew, IN"
18007,477618,8672,307089,225549,1053,18000,2,"Benton, IN"
18009,541889,11919,279031,225102,428,18000,2,"Blackford, IN"
18011,6869058,74309,4627472,3240742,1095,18000,2,"Boone, IN"
18013,919679,15587,509679,198028,808,18000,2,"Brown, IN"
18015,1053913,20514,686619,452359,964,18000,2,"Carroll, IN"
18017,1786095,37537,978349,1008298,1067,18000,2,"Cass, IN"
18019,6676518,124222,4266962,4181018,966,18000,2,"Clark, IN"
18021,1200200,26410,664919,507476,926,18000,2,"Clay, IN"
18023,1540574,32769,936091,864420,1049,18000,2,"Clinton, IN"
18025,441769,10517,227393,128317,792,18000,2,"Crawford, IN"
18027,1958388,33496,1306906,1288591,1112,18000,2,"Daviess, IN"
18029,2967615,50900,1847351,1052578,790,18000,2,"Dearborn, IN"
18031,1417208,26454,862934,1044301,965,18000,2,"Decatur, IN"
18033,2427602,43813,1489358,1946352,940,18000,2,"DeKalb, IN"
18035,5149388,112163,2765625,3306284,1016,18000,2,"Delaware, IN"
18037,2862155,43492,1629542,2117826,1107,18000,2,"Dubois, IN"
18039,12173232,206873,8022393,13099920,1200,18000,2,"Elkhart, IN"
18041,1116906,23389,552545,404629,557,18000,2,"Fayette, IN"
18043,5119144,80621,3088244,2442449,385,18000,2,"Floyd, IN"
18045,855024,16620,488253,376053,1025,18000,2,"Fountain, IN"
18047,1283507,23083,729891,356457,996,18000,2,"Franklin, IN"
18049,1021488,20368,599068,536593,954,18000,2,"Fulton, IN"
18051,1861118,33002,1169942,1839409,1262,18000,2,"Gibson, IN"
18053,3159651,65993,1674059,1958793,1072,18000,2,"Grant, IN"
18055,1584875,31071,912606,493445,1405,18000,2,"Greene, IN"
18057,34436187,365463,24063680,17215391,1021,18000,2,"Hamilton, IN"
18059,5252089,83117,3565225,2259144,792,18000,2,"Hancock, IN"
18061,2193268,39790,1347935,783770,1254,18000,2,"Harrison, IN"
18063,10892275,183119,7652397,5955730,1054,18000,2,"Hendricks, IN"
18065,2301008,48815,1291645,937754,1015,18000,2,"Henry, IN"
18067,4009541,83546,2187627,2772348,759,18000,2,"Howard, IN"
18069,1878822,36800,1087067,979810,991,18000,2,"Huntington, IN"
18071,2321323,46230,1459275,1734743,1321,18000,2,"Jackson, IN"
18073,1948365,33345,1288138,1024392,1450,18000,2,"Jasper, IN"
18075,1115483,20118,736258,742709,994,18000,2,"Jay, IN"
18077,1733982,32936,973089,947637,934,18000,2,"Jefferson, IN"
18079,1385143,27484,767369,553996,975,18000,2,"Jennings, IN"
18081,9843166,165686,6514612,4621700,830,18000,2,"Johnson, IN"
18083,1955701,35876,1078804,1290396,1336,18000,2,"Knox, IN"
18085,4696491,80564,2963713,3280174,1376,18000,2,"Kosciusko, IN"
18087,2237383,40854,1626771,1658927,983,18000,2,"Lagrange, IN"
18089,26835350,499657,16436343,16132272,1292,18000,2,"Lake, IN"
18091,5692072,111822,3313087,3033587,1550,18000,2,"LaPorte, IN"
18093,2370285,45231,1390766,954625,1163,18000,2,"Lawrence, IN"
18095,6168100,131383,3522056,2771986,1170,18000,2,"Madison, IN"
18097,66506139,969223,46412470,75481430,1027,18000,2,"Marion, IN"
18099,2483610,46378,1541206,1367274,1149,18000,2,"Marshall, IN"
18101,521979,9827,305655,1036280,870,18000,2,"Martin, IN"
18103,1460690,35546,793694,688789,968,18000,2,"Miami, IN"
18105,7651053,139621,4605359,5635381,1022,18000,2,"Monroe, IN"
18107,1931455,38319,1182756,1245083,1307,18000,2,"Montgomery, IN"
18109,3949730,72260,2536522,1218269,1046,18000,2,"Morgan, IN"
18111,734166,13839,485287,304110,1041,18000,2,"Newton, IN"
18113,2415140,47234,1548234,1323416,1064,18000,2,"Noble, IN"
18115,317767,6097,201855,93708,223,18000,2,"Ohio, IN"
18117,905795,19601,471353,498564,1032,18000,2,"Orange, IN"
18119,1077461,21487,630702,479572,998,18000,2,"Owen, IN"
18121,818954,16367,464320,323320,1152,18000,2,"Parke, IN"
18123,865880,19207,492305,501223,989,18000,2,"Perry, IN"
18125,593442,12143,340992,242504,866,18000,2,"Pike, IN"
18127,11123465,174848,7168728,5242291,1083,18000,2,"Porter, IN"
18129,1485455,25098,919520,873729,1060,18000,2,"Posey, IN"
18131,700216,12449,419282,417959,1123,18000,2,"Pulaski, IN"
18133,1752072,37294,1090688,841439,1245,18000,2,"Putnam, IN"
18135,1296117,24350,772557,673081,1172,18000,2,"Randolph, IN"
18137,1488084,29030,875729,892638,1156,18000,2,"Ripley, IN"
18139,926661,16672,570153,419183,1057,18000,2,"Rush, IN"
18141,15424958,272282,9506225,10256468,1186,18000,2,"St. Joseph, IN"
18143,1105508,24500,635672,504551,493,18000,2,"Scott, IN"
18145,2421639,45189,1484552,1378048,1065,18000,2,"Shelby, IN"
18147,1081644,19849,673316,536797,1028,18000,2,"Spencer, IN"
18149,986409,23203,516847,306089,801,18000,2,"Starke, IN"
18151,1907357,34772,1070552,1138011,800,18000,2,"Steuben, IN"
18153,910487,20671,494740,443391,1158,18000,2,"Sullivan, IN"
18155,425537,10009,250700,127509,572,18000,2,"Switzerland, IN"
18157,8958251,188237,5601220,7258865,1292,18000,2,"Tippecanoe, IN"
18159,778963,15325,471046,435198,675,18000,2,"Tipton, IN"
18161,346317,6967,203374,106230,417,18000,2,"Union, IN"
18163,10224143,179563,5877461,8616077,605,18000,2,"Vanderburgh, IN"
18165,721473,15433,391162,390732,665,18000,2,"Vermillion, IN"
18167,4946925,106082,2557238,3397292,1045,18000,2,"Vigo, IN"
18169,1653788,30842,797736,854883,1068,18000,2,"Wabash, IN"
18171,462359,8488,303044,189168,945,18000,2,"Warren, IN"
18173,4426845,65231,2790534,1553446,997,18000,2,"Warrick, IN"
18175,1417052,28171,888656,533143,1330,18000,2,"Washington, IN"
18177,3315395,66216,1772459,2093250,1041,18000,2,"Wayne, IN"
18179,1474169,28298,901941,809899,953,18000,2,"Wells, IN"
18181,1332477,24660,779536,728160,1308,18000,2,"White, IN"
18183,1930023,34577,1232873,1133307,869,18000,2,"Whitley, IN"
19000,197021264,3199693,124117768,138146079,144660,00000,1,Iowa
19001,511294,7457,341790,271887,1474,19000,2,"Adair, IA"
19003,240417,3601,156616,142532,1097,19000,2,"Adams, IA"
19005,792004,14018,472974,421929,1655,19000,2,"Allamakee, IA"
19007,574828,12141,306488,317711,1288,19000,2,"Appanoose, IA"
19009,401919,5575,261813,248370,1147,19000,2,"Audubon, IA"
19011,1806039,25742,1270701,878932,1855,19000,2,"Benton, IA"
19013,6965081,130052,4111593,5676702,1465,19000,2,"Black Hawk, IA"
19015,1467492,26579,909938,709580,1478,19000,2,"Boone, IA"
19017,1522166,25254,958017,810373,1128,19000,2,"Bremer, IA"
19019,1293260,20689,804388,635145,1479,19000,2,"Buchanan, IA"
19021,1141027,20644,760960,925076,1489,19000,2,"Buena Vista, IA"
19023,883042,14246,573647,462491,1503,19000,2,"Butler, IA"
19025,644111,9725,419445,356175,1476,19000,2,"Calhoun, IA"
19027,1399259,20541,879545,1004065,1475,19000,2,"Carroll, IA"
19029,802076,13137,467168,498730,1461,19000,2,"Cass, IA"
19031,1255911,18353,841196,510433,1501,19000,2,"Cedar, IA"
19033,3241005,42426,2096881,2515115,1472,19000,2,"Cerro Gordo, IA"
19035,1105106,11490,835736,871632,1494,19000,2,"Cherokee, IA"
19037,1220951,11728,930135,954394,1306,19000,2,"Chickasaw, IA"
19039,477983,9643,292060,319615,1117,19000,2,"Clarke, IA"
19041,1040653,16507,638395,765204,1469,19000,2,"Clay, IA"
19043,1138323,17057,694761,690368,2016,19000,2,"Clayton, IA"
19045,2436001,46255,1435777,1442954,1800,19000,2,"Clinton, IA"
19047,910949,16129,588380,639664,1850,19000,2,"Crawford, IA"
19049,8593014,108146,6173255,5064731,1524,19000,2,"Dallas, IA"
19051,518119,9147,363620,337845,1301,19000,2,"Davis, IA"
19053,349900,7695,194380,174042,1378,19000,2,"Decatur, IA"
19055,1105367,17607,722036,695094,1496,19000,2,"Delaware, IA"
19057,2204226,38242,1264294,1567461,1078,19000,2,"Des Moines, IA"
19059,1388746,18048,755551,817482,986,19000,2,"Dickinson, IA"
19061,6040398,98715,3520450,4645025,1575,19000,2,"Dubuque, IA"
19063,507616,9214,304437,292628,1025,19000,2,"Emmet, IA"
19065,1041818,19266,585616,576272,1893,19000,2,"Fayette, IA"
19067,947892,15348,567506,549463,1296,19000,2,"Floyd, IA"
19069,678992,9946,424011,437721,1507,19000,2,"Franklin, IA"
19071,396452,6475,251044,244509,1324,19000,2,"Fremont, IA"
19073,547013,8710,335765,342438,1475,19000,2,"Greene, IA"
19075,822691,12355,533149,446310,1300,19000,2,"Grundy, IA"
19077,744555,10681,453777,348525,1530,19000,2,"Guthrie, IA"
19079,992514,14803,662139,631258,1494,19000,2,"Hamilton, IA"
19081,741479,10651,498780,603102,1479,19000,2,"Hancock, IA"
19083,1296382,16614,892163,926815,1474,19000,2,"Hardin, IA"
19085,881077,14680,570722,413743,1805,19000,2,"Harrison, IA"
19087,1037965,20253,618929,695011,1125,19000,2,"Henry, IA"
19089,625198,9509,411445,424206,1226,19000,2,"Howard, IA"
19091,584655,9521,372120,356818,1125,19000,2,"Humboldt, IA"
19093,520326,6905,341704,417496,1118,19000,2,"Ida, IA"
19095,1020809,16497,651667,723512,1519,19000,2,"Iowa, IA"
19097,1090460,19346,637943,480988,1647,19000,2,"Jackson, IA"
19099,1954979,37949,1192229,786360,1892,19000,2,"Jasper, IA"
19101,891905,15668,435736,585801,1128,19000,2,"Jefferson, IA"
19103,9564679,156915,5914816,7314902,1588,19000,2,"Johnson, IA"
19105,1156561,20949,696785,518747,1491,19000,2,"Jones, IA"
19107,571687,9883,351135,257753,1500,19000,2,"Keokuk, IA"
19109,1005756,14465,642405,710474,2519,19000,2,"Kossuth, IA"
19111,1668049,32829,883786,1124662,1340,19000,2,"Lee, IA"
19113,13984596,228940,8601337,10924760,1857,19000,2,"Linn, IA"
19115,586202,10617,389237,361432,1041,19000,2,"Louisa, IA"
19117,432105,8702,245697,257232,1115,19000,2,"Lucas, IA"
19119,919880,12177,669231,604192,1522,19000,2,"Lyon, IA"
19121,1019782,17040,667188,333841,1453,19000,2,"Madison, IA"
19123,1178752,21971,723797,636879,1478,19000,2,"Mahaska, IA"
19125,2038383,33630,1213367,1499037,1436,19000,2,"Marion, IA"
19127,1969364,39821,1116972,1245632,1483,19000,2,"Marshall, IA"
19129,991728,14535,654846,409058,1133,19000,2,"Mills, IA"
19131,1115443,10544,862180,858199,1215,19000,2,"Mitchell, IA"
19133,522795,8506,334674,272419,1798,19000,2,"Monona, IA"
19135,419778,7530,255875,332033,1123,19000,2,"Monroe, IA"
19137,521594,10210,284812,332179,1098,19000,2,"Montgomery, IA"
19139,2362779,42395,1383257,1768032,1133,19000,2,"Muscatine, IA"
19141,947341,14085,615640,601833,1484,19000,2,"O'Brien, IA"
19143,406304,6072,281845,271466,1033,19000,2,"Osceola, IA"
19145,819687,15176,445556,474734,1385,19000,2,"Page, IA"
19147,601447,8790,391937,400278,1460,19000,2,"Palo Alto, IA"
19149,1795579,25722,1223672,1239630,2235,19000,2,"Plymouth, IA"
19151,472603,7073,321596,361857,1495,19000,2,"Pocahontas, IA"
19153,32036280,501184,20516449,28550289,1482,19000,2,"Polk, IA"
19155,5224268,93065,3231392,3270575,2464,19000,2,"Pottawattamie, IA"
19157,1054951,18518,648298,824323,1515,19000,2,"Poweshiek, IA"
19159,277680,4688,158672,148057,1387,19000,2,"Ringgold, IA"
19161,790822,9689,545105,518335,1489,19000,2,"Sac, IA"
19163,10996884,173751,6758250,6918690,1186,19000,2,"Scott, IA"
19165,780164,11711,483137,527253,1530,19000,2,"Shelby, IA"
19167,2538076,36127,1739489,2062105,1989,19000,2,"Sioux, IA"
19169,5291311,98257,3268906,4283850,1483,19000,2,"Story, IA"
19171,986563,16943,631058,515651,1867,19000,2,"Tama, IA"
19173,345120,5875,215286,214925,1378,19000,2,"Taylor, IA"
19175,603856,11903,329847,417944,1097,19000,2,"Union, IA"
19177,367035,7252,206327,179657,1256,19000,2,"Van Buren, IA"
19179,1630236,35081,916148,1118751,1118,19000,2,"Wapello, IA"
19181,3364436,54303,2276394,974766,1476,19000,2,"Warren, IA"
19183,1861934,22542,1326090,1227976,1473,19000,2,"Washington, IA"
19185,358243,6490,214487,210318,1361,19000,2,"Wayne, IA"
19187,1969215,36652,1188825,1488399,1854,19000,2,"Webster, IA"
19189,601414,10639,359451,366481,1037,19000,2,"Winnebago, IA"
19191,1232292,19902,740886,838504,1787,19000,2,"Winneshiek, IA"
19193,5491910,105558,3498433,3806382,2261,19000,2,"Woodbury, IA"
19195,420057,7311,273851,226896,1036,19000,2,"Worth, IA"
19197,930198,12695,636472,690958,1503,19000,2,"Wright, IA"
20000,183033661,2936716,115172450,127632557,211754,00000,1,Kansas
20001,593859,12489,307835,374852,1296,20000,2,"Allen, KS"
20003,396085,7798,233647,209221,1501,20000,2,"Anderson, KS"
20005,703131,16053,402466,394585,1117,20000,2,"Atchison, KS"
20007,225338,4124,112735,122171,2937,20000,2,"Barber, KS"
20009,1405713,25058,782866,876553,2319,20000,2,"Barton, KS"
20011,675728,14443,401164,424241,1646,20000,2,"Bourbon, KS"
20013,486545,9373,243282,315015,1479,20000,2,"Brown, KS"
20015,3710339,68289,2325458,1440434,3703,20000,2,"Butler, KS"
20017,153453,2568,90968,88656,2002,20000,2,"Chase, KS"
20019,147444,3387,69399,49076,1655,20000,2,"Chautauqua, KS"
20021,1047868,19025,664280,615324,1522,20000,2,"Cherokee, KS"
20023,163199,2618,103125,104674,2642,20000,2,"Cheyenne, KS"
20025,106264,1939,64071,63374,2524,20000,2,"Clark, KS"
20027,397803,8041,203428,197201,1671,20000,2,"Clay, KS"
20029,414452,8934,214828,231622,1853,20000,2,"Cloud, KS"
20031,468947,8252,285848,357145,1624,20000,2,"Coffey, KS"
20033,85281,1690,42846,42241,2042,20000,2,"Comanche, KS"
20035,1535733,34423,824561,950194,2916,20000,2,"Cowley, KS"
20037,1773094,39145,947632,1160291,1527,20000,2,"Crawford, KS"
20039,189671,2689,120717,115830,2314,20000,2,"Decatur, KS"
20041,893739,18355,494829,435901,2194,20000,2,"Dickinson, KS"
20043,369459,7475,219767,197187,1019,20000,2,"Doniphan, KS"
20045,6440794,120007,3921159,3688867,1180,20000,2,"Douglas, KS"
20047,180552,2760,116499,104629,1611,20000,2,"Edwards, KS"
20049,102353,2448,44032,36581,1669,20000,2,"Elk, KS"
20051,1585031,28840,991206,1161676,2331,20000,2,"Ellis, KS"
20053,301780,6383,165815,173770,1853,20000,2,"Ellsworth, KS"
20055,1903018,37639,1285810,1486316,3372,20000,2,"Finney, KS"
20057,1617865,33924,1143102,1371972,2845,20000,2,"Ford, KS"
20059,1282053,25959,792076,723516,1481,20000,2,"Franklin, KS"
20061,1842333,35529,1171209,2518944,996,20000,2,"Geary, KS"
20063,240973,2742,176716,192878,2776,20000,2,"Gove, KS"
20065,147027,2397,88965,91952,2327,20000,2,"Graham, KS"
20067,307829,7250,199701,209793,1489,20000,2,"Grant, KS"
20069,380327,5711,272585,269947,2250,20000,2,"Gray, KS"
20071,133582,1232,107484,114192,2016,20000,2,"Greeley, KS"
20073,278534,5908,141132,105119,2961,20000,2,"Greenwood, KS"
20075,231421,2452,183976,181798,2581,20000,2,"Hamilton, KS"
20077,322322,5400,199611,225270,2075,20000,2,"Harper, KS"
20079,1729188,33671,1007690,1034768,1398,20000,2,"Harvey, KS"
20081,245122,3595,180194,188751,1496,20000,2,"Haskell, KS"
20083,107143,1697,67549,57282,2227,20000,2,"Hodgeman, KS"
20085,663332,13292,402789,252833,1700,20000,2,"Jackson, KS"
20087,1000999,18354,651354,297519,1379,20000,2,"Jefferson, KS"
20089,151944,2885,77903,63367,2357,20000,2,"Jewell, KS"
20091,60195658,619091,41181942,42926210,1227,20000,2,"Johnson, KS"
20093,234329,3865,160629,147069,2255,20000,2,"Kearny, KS"
20095,384890,7174,218512,183235,2236,20000,2,"Kingman, KS"
20097,118780,2405,66146,77305,1872,20000,2,"Kiowa, KS"
20099,983878,19702,535675,656410,1672,20000,2,"Labette, KS"
20101,128312,1544,84645,82819,1858,20000,2,"Lane, KS"
20103,4221811,82922,2584495,2360241,1200,20000,2,"Leavenworth, KS"
20105,144240,2911,78681,74538,1863,20000,2,"Lincoln, KS"
20107,469867,9777,271113,181746,1539,20000,2,"Linn, KS"
20109,181705,2703,117302,123680,2779,20000,2,"Logan, KS"
20111,1517458,32031,894946,1009231,2195,20000,2,"Lyon, KS"
20113,1789691,30063,1096210,1364314,2327,20000,2,"McPherson, KS"
20115,559395,11783,317233,246938,2446,20000,2,"Marion, KS"
20117,472482,9992,233198,316777,2331,20000,2,"Marshall, KS"
20119,262874,3913,163431,160985,2533,20000,2,"Meade, KS"
20121,2112210,34791,1375332,707852,1492,20000,2,"Miami, KS"
20123,379404,5730,234506,292387,1818,20000,2,"Mitchell, KS"
20125,1367189,30853,719998,959747,1667,20000,2,"Montgomery, KS"
20127,273036,5400,152043,125637,1801,20000,2,"Morris, KS"
20129,135368,2601,84135,98536,1890,20000,2,"Morton, KS"
20131,674434,10164,309098,386423,1858,20000,2,"Nemaha, KS"
20133,733837,15583,412893,416188,1480,20000,2,"Neosho, KS"
20135,176161,2657,95156,109575,2784,20000,2,"Ness, KS"
20137,297266,5325,185151,215956,2274,20000,2,"Norton, KS"
20139,786770,15705,478362,225100,1827,20000,2,"Osage, KS"
20141,188560,3481,103871,104988,2312,20000,2,"Osborne, KS"
20143,299549,5806,184549,97114,1867,20000,2,"Ottawa, KS"
20145,282088,6188,154538,199622,1954,20000,2,"Pawnee, KS"
20147,301520,4783,161637,171426,2294,20000,2,"Phillips, KS"
20149,1603262,26292,1134520,745644,2178,20000,2,"Pottawatomie, KS"
20151,506819,9073,289676,345250,1904,20000,2,"Pratt, KS"
20153,221545,2523,152536,160328,2770,20000,2,"Rawlins, KS"
20155,2957302,61552,1614693,1832973,3251,20000,2,"Reno, KS"
20157,224442,4653,114250,120200,1858,20000,2,"Republic, KS"
20159,464721,9370,278500,276837,1881,20000,2,"Rice, KS"
20161,3657170,71563,2239019,2214942,1579,20000,2,"Riley, KS"
20163,224247,4810,113959,124907,2306,20000,2,"Rooks, KS"
20165,164551,2941,89524,86589,1859,20000,2,"Rush, KS"
20167,365013,6733,199843,188760,2295,20000,2,"Russell, KS"
20169,3061475,53389,1853691,2260298,1865,20000,2,"Saline, KS"
20171,309931,5007,179228,193680,1859,20000,2,"Scott, KS"
20173,30623133,525368,18540389,22741877,2582,20000,2,"Sedgwick, KS"
20175,997372,21345,704729,896375,1657,20000,2,"Seward, KS"
20177,9777175,177537,5700819,7902106,1409,20000,2,"Shawnee, KS"
20179,142363,2439,82608,93988,2321,20000,2,"Sheridan, KS"
20181,324997,5876,195852,208681,2735,20000,2,"Sherman, KS"
20183,208934,3572,108342,115066,2319,20000,2,"Smith, KS"
20185,206807,3971,114397,102251,2051,20000,2,"Stafford, KS"
20187,170731,1967,126532,144284,1762,20000,2,"Stanton, KS"
20189,267154,5166,179339,193970,1884,20000,2,"Stevens, KS"
20191,1079744,22359,645205,478603,3061,20000,2,"Sumner, KS"
20193,451481,7908,285428,323580,2783,20000,2,"Thomas, KS"
20195,168496,2746,100560,109480,2304,20000,2,"Trego, KS"
20197,394917,7009,225255,92674,2057,20000,2,"Wabaunsee, KS"
20199,94487,1493,60740,60503,2366,20000,2,"Wallace, KS"
20201,276076,5493,148970,132066,2317,20000,2,"Washington, KS"
20203,117930,2078,68602,75762,1861,20000,2,"Wichita, KS"
20205,416010,8554,221754,253307,1477,20000,2,"Wilson, KS"
20207,138826,3117,73616,52057,1289,20000,2,"Woodson, KS"
20209,6605121,165626,4130138,7765942,393,20000,2,"Wyandotte, KS"
21000,237781331,4511563,136160869,158815691,102283,00000,1,Kentucky
21001,794885,19097,396541,320991,1050,21000,2,"Adair, KY"
21003,872389,21283,493041,361432,892,21000,2,"Allen, KY"
21005,1115369,24273,689227,331571,524,21000,2,"Anderson, KY"
21007,397815,7642,241103,201619,640,21000,2,"Ballard, KY"
21009,1936017,44872,1020135,1053443,1263,21000,2,"Barren, KY"
21011,494911,12828,252527,145166,722,21000,2,"Bath, KY"
21013,936876,23611,328360,461287,930,21000,2,"Bell, KY"
21015,8216328,139045,5668358,7672258,638,21000,2,"Boone, KY"
21017,1177253,20109,707742,693665,750,21000,2,"Bourbon, KY"
21019,2204002,48059,1137660,1870403,414,21000,2,"Boyd, KY"
21021,1448428,30851,762984,1060935,467,21000,2,"Boyle, KY"
21023,377998,8435,219086,102704,525,21000,2,"Bracken, KY"
21025,524697,13358,180779,153636,1275,21000,2,"Breathitt, KY"
21027,869702,20961,452172,303016,1476,21000,2,"Breckinridge, KY"
21029,4320173,83774,2933276,2074255,769,21000,2,"Bullitt, KY"
21031,538517,12365,297308,218881,1104,21000,2,"Butler, KY"
21033,559773,12608,298895,317656,893,21000,2,"Caldwell, KY"
21035,1668936,38093,917015,1047981,997,21000,2,"Calloway, KY"
21037,5894448,93272,3725070,2405278,392,21000,2,"Campbell, KY"
21039,265305,4719,155651,117854,491,21000,2,"Carlisle, KY"
21041,515489,10939,303464,726424,333,21000,2,"Carroll, KY"
21043,1026062,26343,478743,356786,1061,21000,2,"Carter, KY"
21045,641616,15911,313415,271754,1151,21000,2,"Casey, KY"
21047,3283336,72286,1810781,5512180,1858,21000,2,"Christian, KY"
21049,1802500,36992,1048533,1035366,654,21000,2,"Clark, KY"
21051,760478,19874,275189,271902,1215,21000,2,"Clay, KY"
21053,405263,9139,178980,221145,511,21000,2,"Clinton, KY"
21055,380337,8991,199008,141543,932,21000,2,"Crittenden, KY"
21057,304874,5969,131477,148712,790,21000,2,"Cumberland, KY"
21059,5178665,103189,2831111,3307234,1187,21000,2,"Daviess, KY"
21061,498115,12302,279776,122154,784,21000,2,"Edmonson, KY"
21063,201827,7292,73982,55812,607,21000,2,"Elliott, KY"
21065,564726,14024,265685,152274,656,21000,2,"Estill, KY"
21067,19848399,320281,12027136,17107442,735,21000,2,"Fayette, KY"
21069,632893,15278,350309,275899,903,21000,2,"Fleming, KY"
21071,1500982,34918,603356,772480,1019,21000,2,"Floyd, KY"
21073,2569495,51548,1385232,2504581,538,21000,2,"Franklin, KY"
21075,269924,6371,118463,169861,533,21000,2,"Fulton, KY"
21077,387535,8773,238094,237094,255,21000,2,"Gallatin, KY"
21079,774287,17566,441902,186725,596,21000,2,"Garrard, KY"
21081,1167390,25474,687071,397320,668,21000,2,"Grant, KY"
21083,1844635,36493,1038287,975541,1429,21000,2,"Graves, KY"
21085,1123237,26643,595377,526764,1295,21000,2,"Grayson, KY"
21087,481214,11392,239261,143471,741,21000,2,"Green, KY"
21089,1692270,35375,933313,545574,892,21000,2,"Greenup, KY"
21091,545584,9027,381686,565979,486,21000,2,"Hancock, KY"
21093,5985145,111743,3410603,4443115,1615,21000,2,"Hardin, KY"
21095,972456,25652,312421,371062,1206,21000,2,"Harlan, KY"
21097,828438,19105,468365,375615,794,21000,2,"Harrison, KY"
21099,829508,19594,474629,500221,1069,21000,2,"Hart, KY"
21101,2342085,44032,1329396,1474601,1130,21000,2,"Henderson, KY"
21103,790093,15760,467093,218030,742,21000,2,"Henry, KY"
21105,261743,4434,155746,142787,627,21000,2,"Hickman, KY"
21107,2126412,44926,1121719,1281582,1404,21000,2,"Hopkins, KY"
21109,487218,12989,230514,107840,894,21000,2,"Jackson, KY"
21111,49631133,773095,29190967,43591079,986,21000,2,"Jefferson, KY"
21113,3172479,54236,2015106,1537516,446,21000,2,"Jessamine, KY"
21115,870343,22235,356100,311270,678,21000,2,"Johnson, KY"
21117,11846032,170280,7035236,7133337,415,21000,2,"Kenton, KY"
21119,577858,13847,215709,136059,910,21000,2,"Knott, KY"
21121,1111428,29773,466109,474582,1001,21000,2,"Knox, KY"
21123,643115,15150,354493,175567,677,21000,2,"Larue, KY"
21125,2556615,62879,1386403,1699077,1124,21000,2,"Laurel, KY"
21127,619160,16097,269206,252092,1076,21000,2,"Lawrence, KY"
21129,249494,7273,88046,101639,541,21000,2,"Lee, KY"
21131,395445,10049,142219,102976,1038,21000,2,"Leslie, KY"
21133,829423,20827,289100,275886,875,21000,2,"Letcher, KY"
21135,513060,12937,250522,134286,1251,21000,2,"Lewis, KY"
21137,995562,24419,506317,299070,862,21000,2,"Lincoln, KY"
21139,413479,8968,208888,219902,811,21000,2,"Livingston, KY"
21141,1271767,27856,716611,794704,1430,21000,2,"Logan, KY"
21143,378512,9099,188115,165102,554,21000,2,"Lyon, KY"
21145,4100407,67366,2377850,3420548,644,21000,2,"McCracken, KY"
21147,569515,16783,186051,190410,1105,21000,2,"McCreary, KY"
21149,480119,9107,291775,200096,654,21000,2,"McLean, KY"
21151,4309998,95151,2641262,2395974,1133,21000,2,"Madison, KY"
21153,474824,11348,179446,109753,799,21000,2,"Magoffin, KY"
21155,882353,19748,490827,594549,888,21000,2,"Marion, KY"
21157,1560010,31790,823656,907644,783,21000,2,"Marshall, KY"
21159,354354,11096,91225,135656,595,21000,2,"Martin, KY"
21161,828372,16903,431502,563132,622,21000,2,"Mason, KY"
21163,1441440,30010,919823,410286,791,21000,2,"Meade, KY"
21165,254817,6236,114831,61597,527,21000,2,"Menifee, KY"
21167,1032967,22900,578609,566259,645,21000,2,"Mercer, KY"
21169,390497,10408,183490,140458,750,21000,2,"Metcalfe, KY"
21171,507196,11353,266023,268017,853,21000,2,"Monroe, KY"
21173,1237017,28357,718035,748027,511,21000,2,"Montgomery, KY"
21175,455824,14146,199030,196985,987,21000,2,"Morgan, KY"
21177,1245475,30696,627617,566776,1210,21000,2,"Muhlenberg, KY"
21179,2553857,47359,1596946,1334497,1081,21000,2,"Nelson, KY"
21181,305311,7786,161696,66184,505,21000,2,"Nicholas, KY"
21183,972983,23496,505275,503881,1521,21000,2,"Ohio, KY"
21185,5427841,69444,3745336,1537786,485,21000,2,"Oldham, KY"
21187,449905,11294,240212,107354,909,21000,2,"Owen, KY"
21189,185978,3958,54440,40127,511,21000,2,"Owsley, KY"
21191,684358,14703,403064,185277,718,21000,2,"Pendleton, KY"
21193,1191604,27367,488070,759205,880,21000,2,"Perry, KY"
21195,2478117,56317,1055946,1389131,2038,21000,2,"Pike, KY"
21197,504518,13041,248603,177461,464,21000,2,"Powell, KY"
21199,3094389,65767,1442476,1726123,1705,21000,2,"Pulaski, KY"
21201,92462,2247,47532,24592,259,21000,2,"Robertson, KY"
21203,652704,16225,313873,233554,820,21000,2,"Rockcastle, KY"
21205,932644,24372,466963,620373,725,21000,2,"Rowan, KY"
21207,990334,18185,599325,676861,657,21000,2,"Russell, KY"
21209,3184720,59077,2216263,2489846,730,21000,2,"Scott, KY"
21211,2849628,48842,1844626,1247189,984,21000,2,"Shelby, KY"
21213,899576,19948,544276,688424,607,21000,2,"Simpson, KY"
21215,1132721,20212,790254,171480,484,21000,2,"Spencer, KY"
21217,1070242,26396,537810,683416,690,21000,2,"Taylor, KY"
21219,624796,12394,386933,318007,970,21000,2,"Todd, KY"
21221,668594,14348,358830,215946,1143,21000,2,"Trigg, KY"
21223,407581,8527,246850,101276,393,21000,2,"Trimble, KY"
21225,648195,13104,336665,423204,888,21000,2,"Union, KY"
21227,6438045,140046,3833393,4986896,1403,21000,2,"Warren, KY"
21229,550103,12060,302915,252461,769,21000,2,"Washington, KY"
21231,732051,19634,309310,331697,1187,21000,2,"Wayne, KY"
21233,652531,12739,390453,297531,860,21000,2,"Webster, KY"
21235,1560672,36908,644761,858709,1134,21000,2,"Whitley, KY"
21237,287881,6416,108992,85251,575,21000,2,"Wolfe, KY"
21239,1718847,27053,1061535,840740,492,21000,2,"Woodford, KY"
22000,255687035,4588023,144749226,162730783,111914,00000,1,Louisiana
22001,2637520,56725,1397246,977447,1697,22000,2,"Acadia, LA"
22003,966760,22287,546687,545200,1974,22000,2,"Allen, LA"
22005,7813154,130485,5352936,4458457,751,22000,2,"Ascension, LA"
22007,1195234,20463,738339,362720,891,22000,2,"Assumption, LA"
22009,1756815,38715,865584,632974,2155,22000,2,"Avoyelles, LA"
22011,1854381,36624,1074847,630951,2998,22000,2,"Beauregard, LA"
22013,568695,12612,251172,263528,2101,22000,2,"Bienville, LA"
22015,6917600,129153,4063435,3937656,2174,22000,2,"Bossier, LA"
22017,14005184,228934,7244236,9430587,2278,22000,2,"Caddo, LA"
22019,10611564,202288,6358474,7769191,2756,22000,2,"Calcasieu, LA"
22021,379282,9493,174726,131524,1372,22000,2,"Caldwell, LA"
22023,316833,4896,201052,673314,3327,22000,2,"Cameron, LA"
22025,380396,8604,171760,128168,1834,22000,2,"Catahoula, LA"
22027,593000,13849,289676,255841,1955,22000,2,"Claiborne, LA"
22029,779577,18026,369107,390748,1805,22000,2,"Concordia, LA"
22031,1472223,26856,747057,578694,2270,22000,2,"De Soto, LA"
22033,28320309,450091,16312686,24368584,1180,22000,2,"East Baton Rouge, LA"
22035,245193,6939,101488,105817,1090,22000,2,"East Carroll, LA"
22037,905987,19208,476629,370174,1174,22000,2,"East Feliciana, LA"
22039,1300813,32033,594340,501548,1716,22000,2,"Evangeline, LA"
22041,767094,19358,326345,307044,1617,22000,2,"Franklin, LA"
22043,846258,22040,466325,334692,1666,22000,2,"Grant, LA"
22045,3209576,68320,1547402,1834499,1486,22000,2,"Iberia, LA"
22047,1569715,29613,904137,1653509,1602,22000,2,"Iberville, LA"
22049,632450,14816,327281,277843,1475,22000,2,"Jackson, LA"
22051,25452520,426030,14341115,16932431,779,22000,2,"Jefferson, LA"
22053,1498159,31929,858627,520354,1687,22000,2,"Jefferson Davis, LA"
22055,15469350,247714,8944333,11438041,696,22000,2,"Lafayette, LA"
22057,5098046,95751,2990146,3259653,2766,22000,2,"Lafourche, LA"
22059,567908,14821,280002,293907,1618,22000,2,"LaSalle, LA"
22061,2339997,47980,1280586,1436812,1222,22000,2,"Lincoln, LA"
22063,7289821,148056,4729811,2136943,1679,22000,2,"Livingston, LA"
22065,399436,9480,191225,196904,1617,22000,2,"Madison, LA"
22067,1049332,24414,470235,415247,2059,22000,2,"Morehouse, LA"
22069,1795701,36648,949318,987781,3246,22000,2,"Natchitoches, LA"
22071,23459627,369917,12709210,17956480,439,22000,2,"Orleans, LA"
22073,7460058,157704,3964768,4856404,1581,22000,2,"Ouachita, LA"
22075,1275625,22618,823219,1310142,2021,22000,2,"Plaquemines, LA"
22077,1164766,20212,675392,472477,1442,22000,2,"Pointe Coupee, LA"
22079,6845762,127028,3584047,4373499,3420,22000,2,"Rapides, LA"
22081,417447,7465,181702,176472,1007,22000,2,"Red River, LA"
22083,890706,19784,447200,411962,1439,22000,2,"Richland, LA"
22085,1038412,21974,516835,459615,2245,22000,2,"Sabine, LA"
22087,1854557,44419,1088547,939291,978,22000,2,"St. Bernard, LA"
22089,2939800,51058,1932017,2724628,719,22000,2,"St. Charles, LA"
22091,506903,10789,284432,111986,1058,22000,2,"St. Helena, LA"
22093,1285191,19388,846652,941309,616,22000,2,"St. James, LA"
22095,1849088,39955,1028208,1183389,555,22000,2,"St. John the Baptist, LA"
22097,3812792,81679,1862438,1585898,2393,22000,2,"St. Landry, LA"
22099,2381651,51249,1315774,924773,1910,22000,2,"St. Martin, LA"
22101,2320482,47819,1152087,1757852,1440,22000,2,"St. Mary, LA"
22103,20272440,273237,12841266,10331668,2189,22000,2,"St. Tammany, LA"
22105,6523658,136799,3590711,3131010,2049,22000,2,"Tangipahoa, LA"
22107,185071,3814,76366,77631,1562,22000,2,"Tensas, LA"
22109,5248673,104632,2818378,3836314,3185,22000,2,"Terrebonne, LA"
22111,1009391,20729,542446,353828,2271,22000,2,"Union, LA"
22113,2701863,56953,1522906,952105,3040,22000,2,"Vermilion, LA"
22115,2295865,46870,1313178,1712746,3436,22000,2,"Vernon, LA"
22117,1895324,44991,854272,674601,1734,22000,2,"Washington, LA"
22119,1823318,35527,903424,780913,1537,22000,2,"Webster, LA"
22121,1510364,28034,1006997,1121466,498,22000,2,"West Baton Rouge, LA"
22123,401115,9481,178508,132904,932,22000,2,"West Carroll, LA"
22125,688630,15396,395425,523747,1045,22000,2,"West Feliciana, LA"
22127,622573,13251,354456,376890,2460,22000,2,"Winn, LA"
23000,85707994,1389338,48985191,54150106,79888,00000,1,Maine
23001,5784277,113225,3434144,3881556,1212,23000,2,"Androscoggin, ME"
23003,3471753,67322,1806988,2024054,17278,23000,2,"Aroostook, ME"
23005,24543136,308837,14925663,18889883,2166,23000,2,"Cumberland, ME"
23007,1469145,30595,752263,755498,4395,23000,2,"Franklin, ME"
23009,3637097,56549,1849523,1992812,4111,23000,2,"Hancock, ME"
23011,7030557,126535,4096397,5050857,2247,23000,2,"Kennebec, ME"
23013,2618503,41179,1242835,1485982,946,23000,2,"Knox, ME"
23015,2278326,36285,1087832,934018,1181,23000,2,"Lincoln, ME"
23017,2845638,59458,1436694,1285391,5379,23000,2,"Oxford, ME"
23019,8073492,154728,4691882,5565464,8799,23000,2,"Penobscot, ME"
23021,920984,17403,460644,496655,10259,23000,2,"Piscataquis, ME"
23023,2350100,37372,1293951,1464673,658,23000,2,"Sagadahoc, ME"
23025,2459645,51118,1243012,1292293,10164,23000,2,"Somerset, ME"
23027,2221098,40255,1174220,1031725,1891,23000,2,"Waldo, ME"
23029,1570002,31527,714875,819150,6637,23000,2,"Washington, ME"
23031,14434241,216950,8774268,7180095,2567,23000,2,"York, ME"
24000,439741284,6163981,286033186,291100819,25152,00000,1,Maryland
24001,3155666,67266,1516874,1979674,1094,24000,2,"Allegany, MD"
24003,47073458,593347,31756076,36531880,1074,24000,2,"Anne Arundel, MD"
24005,59608670,845986,37327788,39121800,1550,24000,2,"Baltimore, MD"
24009,6754105,94559,4535101,1985817,552,24000,2,"Calvert, MD"
24011,1902061,33427,1158831,939785,827,24000,2,"Caroline, MD"
24013,12404926,175472,8632901,4792406,1159,24000,2,"Carroll, MD"
24015,5900117,104870,3698346,3021885,897,24000,2,"Cecil, MD"
24017,10727756,170111,7353167,3489986,1186,24000,2,"Charles, MD"
24019,1821259,32583,962115,1008961,1401,24000,2,"Dorchester, MD"
24021,20608062,287540,14673676,10390913,1711,24000,2,"Frederick, MD"
24023,1539778,28588,843118,865498,1681,24000,2,"Garrett, MD"
24025,17761295,263815,12053177,9103735,1132,24000,2,"Harford, MD"
24027,30201452,335366,21596758,20345124,650,24000,2,"Howard, MD"
24029,1398851,19295,651313,654843,717,24000,2,"Kent, MD"
24031,99487908,1053067,65458909,64563475,1277,24000,2,"Montgomery, MD"
24033,51710199,946980,34905719,32943018,1250,24000,2,"Prince George's, MD"
24035,4099245,51720,2709312,1554956,963,24000,2,"Queen Anne's, MD"
24037,7632735,114783,5100814,5659113,929,24000,2,"St. Mary's, MD"
24039,984767,24608,474842,664476,828,24000,2,"Somerset, MD"
24041,3466402,37814,1612770,1474610,696,24000,2,"Talbot, MD"
24043,8306514,155257,5180455,5128245,1186,24000,2,"Washington, MD"
24045,5005269,104486,2795954,3764323,970,24000,2,"Wicomico, MD"
24047,3589409,53934,1865386,1849169,1213,24000,2,"Worcester, MD"
24510,34601380,569107,19169784,39267127,210,24000,2,"Baltimore (Independent City), MD"
25000,601909561,6982740,387969486,445036357,20204,00000,1,Massachusetts
25001,20034187,232078,10278430,9251158,1021,25000,2,"Barnstable, MA"
25003,8460981,127547,4380262,4981317,2401,25000,2,"Berkshire, MA"
25005,37396866,579744,24210951,21287910,1433,25000,2,"Bristol, MA"
25007,1896389,20962,953207,1086518,267,25000,2,"Dukes, MA"
25009,64633950,806499,41629384,34481403,1276,25000,2,"Essex, MA"
25011,4510563,70995,2403724,2042690,1811,25000,2,"Franklin, MA"
25013,28145352,460758,15724529,16979375,1598,25000,2,"Hampden, MA"
25015,9809296,162518,6016491,5893699,1366,25000,2,"Hampshire, MA"
25017,167181636,1616794,112547065,133633933,2118,25000,2,"Middlesex, MA"
25019,1605660,14443,993198,1105919,120,25000,2,"Nantucket, MA"
25021,79432209,725469,52278344,40815764,1026,25000,2,"Norfolk, MA"
25023,43085306,533248,28482566,19890829,1706,25000,2,"Plymouth, MA"
25025,78305777,768812,49338993,118695044,151,25000,2,"Suffolk, MA"
25027,57411389,862873,38732342,34890798,3913,25000,2,"Worcester, MA"
26000,582021088,10033281,346559045,390018966,146615,00000,1,Michigan
26001,503815,10397,202585,134964,1747,26000,2,"Alcona, MI"
26003,367273,8773,161104,172997,2370,26000,2,"Alger, MI"
26005,6694824,121290,4204848,3528420,2137,26000,2,"Allegan, MI"
26007,1406331,28833,665749,854864,1481,26000,2,"Alpena, MI"
26009,1356306,24265,575726,397680,1232,26000,2,"Antrim, MI"
26011,705961,15123,342986,295182,941,26000,2,"Arenac, MI"
26013,338179,8283,154500,189660,2327,26000,2,"Baraga, MI"
26015,3610142,63402,2356423,1392596,1433,26000,2,"Barry, MI"
26017,5125307,102638,2781980,2754081,1146,26000,2,"Bay, MI"
26019,1037871,18327,454211,348541,828,26000,2,"Benzie, MI"
26021,9224946,152835,5278198,5255671,1471,26000,2,"Berrien, MI"
26023,1951855,44502,1095444,1104773,1312,26000,2,"Branch, MI"
26025,6165563,133424,3386827,4585952,1829,26000,2,"Calhoun, MI"
26027,2938084,51477,1764152,828570,1269,26000,2,"Cass, MI"
26029,1758672,26173,863375,958789,1078,26000,2,"Charlevoix, MI"
26031,1241016,25964,529799,453812,1853,26000,2,"Cheboygan, MI"
26033,1575932,36207,808746,927955,4037,26000,2,"Chippewa, MI"
26035,1290381,31307,563116,569814,1462,26000,2,"Clare, MI"
26037,4557117,79652,2987378,1489358,1467,26000,2,"Clinton, MI"
26039,556240,13434,251938,297373,1441,26000,2,"Crawford, MI"
26041,1666521,36781,819513,918380,3033,26000,2,"Delta, MI"
26043,1411016,25943,748783,1087691,1971,26000,2,"Dickinson, MI"
26045,5585030,108854,3372066,3460858,1490,26000,2,"Eaton, MI"
26047,2410345,34215,1124408,1404299,1211,26000,2,"Emmet, MI"
26049,19573793,401923,10803309,10228337,1650,26000,2,"Genesee, MI"
26051,1133062,25621,539629,322134,1300,26000,2,"Gladwin, MI"
26053,697092,14377,283809,349474,2855,26000,2,"Gogebic, MI"
26055,6107207,96298,3320893,4376659,1203,26000,2,"Grand Traverse, MI"
26057,1810621,41104,1001533,1026823,1472,26000,2,"Gratiot, MI"
26059,1957443,45735,1078473,1017144,1549,26000,2,"Hillsdale, MI"
26061,1602028,37160,792052,917246,2614,26000,2,"Houghton, MI"
26063,1766572,31145,872925,973534,2165,26000,2,"Huron, MI"
26065,14215754,283477,8561190,13171790,1440,26000,2,"Ingham, MI"
26067,2745372,66836,1728790,1273180,1480,26000,2,"Ionia, MI"
26069,1181694,25473,496139,662173,1422,26000,2,"Iosco, MI"
26071,560891,11705,224170,215203,3020,26000,2,"Iron, MI"
26073,2935061,64366,1531377,1946810,1483,26000,2,"Isabella, MI"
26075,7435340,159758,4203170,4762482,1818,26000,2,"Jackson, MI"
26077,15888877,260892,9555459,11339915,1455,26000,2,"Kalamazoo, MI"
26079,795273,18244,405790,402793,1450,26000,2,"Kalkaska, MI"
26081,44513170,658920,26676995,36172049,2199,26000,2,"Kent, MI"
26083,121315,2155,54808,33687,1399,26000,2,"Keweenaw, MI"
26085,461002,12651,161950,136341,1470,26000,2,"Lake, MI"
26087,4510227,88632,2791655,1599589,1676,26000,2,"Lapeer, MI"
26089,1829011,22883,787388,609570,899,26000,2,"Leelanau, MI"
26091,4777446,98280,2821872,2107298,1942,26000,2,"Lenawee, MI"
26093,13463017,196134,9111526,5243071,1464,26000,2,"Livingston, MI"
26095,225873,6274,91141,119245,2329,26000,2,"Luce, MI"
26097,585076,10962,268409,319259,2647,26000,2,"Mackinac, MI"
26099,48623165,874235,31221020,32347167,1241,26000,2,"Macomb, MI"
26101,1169933,25365,469292,527144,1405,26000,2,"Manistee, MI"
26103,3114212,66548,1633989,1903647,4685,26000,2,"Marquette, MI"
26105,1406293,29318,666172,739386,1282,26000,2,"Mason, MI"
26107,1743217,40782,913065,877683,1438,26000,2,"Mecosta, MI"
26109,1118484,23225,602363,511964,2704,26000,2,"Menominee, MI"
26111,5064823,83762,3016470,3547483,1340,26000,2,"Midland, MI"
26113,661443,15232,357965,302235,1463,26000,2,"Missaukee, MI"
26115,8842194,155235,5830361,4110197,1423,26000,2,"Monroe, MI"
26117,2769248,67209,1600181,1197484,1827,26000,2,"Montcalm, MI"
26119,401855,9557,123269,136284,1416,26000,2,"Montmorency, MI"
26121,8331003,175539,4618385,4711862,1305,26000,2,"Muskegon, MI"
26123,2261642,50728,1290519,962635,2173,26000,2,"Newaygo, MI"
26125,108583665,1271025,70171787,80351591,2246,26000,2,"Oakland, MI"
26127,1243358,26920,613274,472073,1394,26000,2,"Oceana, MI"
26129,858631,20919,366677,394889,1459,26000,2,"Ogemaw, MI"
26131,275228,5921,98660,80668,3395,26000,2,"Ontonagon, MI"
26133,1099021,23279,617517,667818,1467,26000,2,"Osceola, MI"
26135,374843,8391,175417,170296,1465,26000,2,"Oscoda, MI"
26137,1235241,25561,694360,806324,1334,26000,2,"Otsego, MI"
26139,18107836,300918,11603950,11272545,1460,26000,2,"Ottawa, MI"
26141,622419,13343,268351,205418,1706,26000,2,"Presque Isle, MI"
26143,1039127,23682,344394,368222,1347,26000,2,"Roscommon, MI"
26145,9058575,188373,4913999,6461546,2074,26000,2,"Saginaw, MI"
26147,8436827,159668,4987995,3682533,1869,26000,2,"St. Clair, MI"
26149,2910459,60778,1744713,1583923,1297,26000,2,"St. Joseph, MI"
26151,1919743,40482,964140,860851,2493,26000,2,"Sanilac, MI"
26153,370627,8174,153176,182066,3035,26000,2,"Schoolcraft, MI"
26155,3261398,67967,1879920,1214373,1375,26000,2,"Shiawassee, MI"
26157,2361559,52908,1225349,907879,2085,26000,2,"Tuscola, MI"
26159,3806385,75669,2185844,1772812,1574,26000,2,"Van Buren, MI"
26161,26706133,366504,16884808,20426672,1829,26000,2,"Washtenaw, MI"
26163,88370394,1758942,49881919,72534619,1585,26000,2,"Wayne, MI"
26165,1501163,34018,781437,988591,1463,26000,2,"Wexford, MI"
27000,399445981,5714300,248394102,282159297,206232,00000,1,Minnesota
27001,790767,16142,332775,297073,4718,27000,2,"Aitkin, MN"
27003,22321807,369108,15107650,11620181,1093,27000,2,"Anoka, MN"
27005,2034885,35363,1121156,1123007,3406,27000,2,"Becker, MN"
27007,2376544,46511,1234575,1462693,6487,27000,2,"Beltrami, MN"
27009,2274098,41509,1469045,1414845,1057,27000,2,"Benton, MN"
27011,358839,5149,213520,194618,1293,27000,2,"Big Stone, MN"
27013,3754653,69603,2314391,3113426,1937,27000,2,"Blue Earth, MN"
27015,1620124,25762,962887,1126923,1583,27000,2,"Brown, MN"
27017,1853443,36544,1055692,994597,2230,27000,2,"Carlton, MN"
27019,9736399,110120,6845994,4121431,917,27000,2,"Carver, MN"
27021,1730188,31308,747057,699192,5236,27000,2,"Cass, MN"
27023,696218,12269,417913,460090,1505,27000,2,"Chippewa, MN"
27025,3457560,57898,2260363,1290168,1075,27000,2,"Chisago, MN"
27027,3479109,65860,2183833,1671521,2707,27000,2,"Clay, MN"
27029,454223,8638,241569,220865,2587,27000,2,"Clearwater, MN"
27031,341443,5721,153621,175253,3762,27000,2,"Cook, MN"
27033,723005,11382,439713,525236,1658,27000,2,"Cottonwood, MN"
27035,3685286,67884,1887774,2260008,2586,27000,2,"Crow Wing, MN"
27037,31838183,443272,21379056,18777383,1457,27000,2,"Dakota, MN"
27039,1257047,20992,870987,576453,1138,27000,2,"Dodge, MN"
27041,2530048,39684,1453751,1654454,1650,27000,2,"Douglas, MN"
27043,800157,13930,455781,465211,1845,27000,2,"Faribault, MN"
27045,1199643,21454,719025,522445,2231,27000,2,"Fillmore, MN"
27047,1700813,30683,973509,962105,1832,27000,2,"Freeborn, MN"
27049,3079019,48041,1945290,1959784,1960,27000,2,"Goodhue, MN"
27051,389436,6121,233262,212126,1419,27000,2,"Grant, MN"
27053,114888382,1257066,70687109,111127876,1435,27000,2,"Hennepin, MN"
27055,1151722,18727,688734,399484,1430,27000,2,"Houston, MN"
27057,1204244,21963,642256,544884,2398,27000,2,"Hubbard, MN"
27059,2265068,42711,1454826,829017,1129,27000,2,"Isanti, MN"
27061,2370918,45194,1137281,1183033,6909,27000,2,"Itasca, MN"
27063,639654,9898,406378,469379,1821,27000,2,"Jackson, MN"
27065,825860,16449,464681,326101,1351,27000,2,"Kanabec, MN"
27067,2668706,43771,1584182,1820574,2065,27000,2,"Kandiyohi, MN"
27069,291459,4086,179181,171877,2846,27000,2,"Kittson, MN"
27071,629344,11848,312565,346277,8041,27000,2,"Koochiching, MN"
27073,469319,6656,283080,262866,1981,27000,2,"Lac qui Parle, MN"
27075,596541,10912,301223,305132,5463,27000,2,"Lake, MN"
27077,233605,3886,125343,120900,3361,27000,2,"Lake of the Woods, MN"
27079,1793497,29124,1154480,730127,1162,27000,2,"Le Sueur, MN"
27081,352404,5576,213667,181088,1390,27000,2,"Lincoln, MN"
27083,1573231,25433,982995,1217895,1850,27000,2,"Lyon, MN"
27085,2194766,36734,1385450,1363993,1273,27000,2,"McLeod, MN"
27087,265127,5339,137669,158010,1445,27000,2,"Mahnomen, MN"
27089,707995,8889,483745,389565,4597,27000,2,"Marshall, MN"
27091,1274035,19656,734254,785835,1845,27000,2,"Martin, MN"
27093,1316367,23526,794944,655235,1575,27000,2,"Meeker, MN"
27095,1395366,27295,781278,612667,1482,27000,2,"Mille Lacs, MN"
27097,1825599,34237,1027013,890533,2914,27000,2,"Morrison, MN"
27099,2213177,40050,1270420,1423824,1842,27000,2,"Mower, MN"
27101,576192,8040,352823,326448,1825,27000,2,"Murray, MN"
27103,2039806,34343,1293833,1259896,1162,27000,2,"Nicollet, MN"
27105,1315156,21958,881589,997311,1852,27000,2,"Nobles, MN"
27107,395223,6371,225013,210939,2261,27000,2,"Norman, MN"
27109,11243458,164036,7354890,9802398,1693,27000,2,"Olmsted, MN"
27111,3519096,60544,1923067,1874873,5107,27000,2,"Otter Tail, MN"
27113,928077,13816,520409,830250,1597,27000,2,"Pennington, MN"
27115,1336275,29533,662962,518720,3655,27000,2,"Pine, MN"
27117,666095,9327,438020,478829,1204,27000,2,"Pipestone, MN"
27119,1884175,30725,1126657,1044941,5105,27000,2,"Polk, MN"
27121,732042,11420,423023,428605,1734,27000,2,"Pope, MN"
27123,35685772,537303,20094601,32030600,394,27000,2,"Ramsey, MN"
27125,282702,3881,193944,139809,1120,27000,2,"Red Lake, MN"
27127,1167813,15358,800720,859744,2275,27000,2,"Redwood, MN"
27129,970429,14473,606782,613240,2546,27000,2,"Renville, MN"
27131,3636844,67523,2199545,2032224,1284,27000,2,"Rice, MN"
27133,621260,9554,390805,405160,1250,27000,2,"Rock, MN"
27135,948780,15334,597630,712887,4330,27000,2,"Roseau, MN"
27137,11331632,199558,6158590,7574421,16181,27000,2,"St. Louis, MN"
27139,11892021,154423,8644955,5725758,923,27000,2,"Scott, MN"
27141,5745660,100540,4018641,2251251,1121,27000,2,"Sherburne, MN"
27143,912001,14928,582962,368521,1525,27000,2,"Sibley, MN"
27145,9773077,160242,5939181,7600010,3478,27000,2,"Stearns, MN"
27147,2110819,37429,1301450,1549168,1113,27000,2,"Steele, MN"
27149,627489,9615,409997,518260,1460,27000,2,"Stevens, MN"
27151,691175,9771,464280,496546,1922,27000,2,"Swift, MN"
27153,1509782,25533,942920,860810,2448,27000,2,"Todd, MN"
27155,295341,3242,189316,197102,1486,27000,2,"Traverse, MN"
27157,1321918,21652,795658,541871,1354,27000,2,"Wabasha, MN"
27159,686557,14236,327679,416807,1389,27000,2,"Wadena, MN"
27161,1131710,18914,711010,649018,1097,27000,2,"Waseca, MN"
27163,21953859,276169,14325918,8061108,996,27000,2,"Washington, MN"
27165,646936,11106,422738,390587,1127,27000,2,"Watonwan, MN"
27167,481750,6358,318479,289050,1945,27000,2,"Wilkin, MN"
27169,2841590,49469,1640941,1789490,1622,27000,2,"Winona, MN"
27171,9222225,148118,6434640,3655237,1712,27000,2,"Wright, MN"
27173,691921,9484,425491,440148,1966,27000,2,"Yellow Medicine, MN"
28000,138523497,2938928,78141140,84237480,121532,00000,1,Mississippi
28001,1247993,28517,539179,667427,1197,28000,2,"Adams, MS"
28003,1531088,34147,846356,903164,1036,28000,2,"Alcorn, MS"
28005,498300,12559,271696,183506,1891,28000,2,"Amite, MS"
28007,717812,17530,375573,309618,1904,28000,2,"Attala, MS"
28009,314750,7556,168763,77893,1053,28000,2,"Benton, MS"
28011,1388812,29461,702778,770019,2270,28000,2,"Bolivar, MS"
28013,526383,12846,261360,197176,1519,28000,2,"Calhoun, MS"
28015,421371,9736,231951,75852,1628,28000,2,"Carroll, MS"
28017,662761,16863,311542,307354,1300,28000,2,"Chickasaw, MS"
28019,326637,8095,179603,176767,1083,28000,2,"Choctaw, MS"
28021,320842,8775,133849,314818,1262,28000,2,"Claiborne, MS"
28023,668585,15203,353914,187623,1791,28000,2,"Clarke, MS"
28025,889689,18311,447996,431487,1062,28000,2,"Clay, MS"
28027,920569,20235,400504,470866,1433,28000,2,"Coahoma, MS"
28029,1111227,27712,592733,385607,2013,28000,2,"Copiah, MS"
28031,862585,18142,485746,461012,1072,28000,2,"Covington, MS"
28033,10174159,191144,7154514,4867017,1234,28000,2,"DeSoto, MS"
28035,3361619,77976,1765460,2964636,1207,28000,2,"Forrest, MS"
28037,310970,7611,147939,107627,1461,28000,2,"Franklin, MS"
28039,998475,25199,577894,303556,1240,28000,2,"George, MS"
28041,459662,13566,243093,119102,1846,28000,2,"Greene, MS"
28043,896178,21134,448264,637711,1093,28000,2,"Grenada, MS"
28045,2095814,46007,1091963,1382509,1228,28000,2,"Hancock, MS"
28047,9673152,210443,5237296,7154441,1486,28000,2,"Harrison, MS"
28049,10564190,217555,5486617,9569248,2253,28000,2,"Hinds, MS"
28051,575000,16111,207723,169086,1960,28000,2,"Holmes, MS"
28053,303867,7354,142702,144086,1084,28000,2,"Humphreys, MS"
28055,42734,1262,26585,23734,1070,28000,2,"Issaquena, MS"
28057,986798,23971,583080,396224,1380,28000,2,"Itawamba, MS"
28059,6585987,144963,3817970,4343102,1872,28000,2,"Jackson, MS"
28061,756399,16077,435639,375807,1752,28000,2,"Jasper, MS"
28063,280195,7067,138374,80127,1347,28000,2,"Jefferson, MS"
28065,420843,11079,185998,117524,1058,28000,2,"Jefferson Davis, MS"
28067,3203830,66440,1738191,2119117,1800,28000,2,"Jones, MS"
28069,324502,8670,145948,112515,1984,28000,2,"Kemper, MS"
28071,2883245,57730,1540668,1839053,1636,28000,2,"Lafayette, MS"
28073,3266518,65746,2026125,1444569,1286,28000,2,"Lamar, MS"
28075,3380598,71142,1748754,2374174,1823,28000,2,"Lauderdale, MS"
28077,528737,11761,274252,237796,1115,28000,2,"Lawrence, MS"
28079,899030,21203,515213,445206,1510,28000,2,"Leake, MS"
28081,4309230,82824,2590471,3943019,1165,28000,2,"Lee, MS"
28083,1310667,26664,652065,997932,1539,28000,2,"Leflore, MS"
28085,1581496,34764,920500,889744,1518,28000,2,"Lincoln, MS"
28087,2785412,57671,1577796,2085860,1309,28000,2,"Lowndes, MS"
28089,8978680,111271,5635601,5226484,1850,28000,2,"Madison, MS"
28091,986589,24166,481931,602606,1405,28000,2,"Marion, MS"
28093,1503911,33905,909554,692203,1829,28000,2,"Marshall, MS"
28095,1452521,33568,763751,715611,1982,28000,2,"Monroe, MS"
28097,396671,9563,180035,151926,1054,28000,2,"Montgomery, MS"
28099,1351832,28804,792678,950257,1477,28000,2,"Neshoba, MS"
28101,863614,21023,464249,383315,1496,28000,2,"Newton, MS"
28103,429526,10000,215641,171129,1800,28000,2,"Noxubee, MS"
28105,2041467,51384,1120354,1373357,1187,28000,2,"Oktibbeha, MS"
28107,1352445,32592,716139,698019,1775,28000,2,"Panola, MS"
28109,2518134,57183,1402066,740364,2101,28000,2,"Pearl River, MS"
28111,425586,11398,240505,155508,1676,28000,2,"Perry, MS"
28113,1472209,39687,714372,873377,1060,28000,2,"Pike, MS"
28115,1319566,31367,813192,780925,1289,28000,2,"Pontotoc, MS"
28117,949471,24891,518472,462433,1075,28000,2,"Prentiss, MS"
28119,240419,5674,102446,83730,1049,28000,2,"Quitman, MS"
28121,8539458,158978,5505589,5192563,2009,28000,2,"Rankin, MS"
28123,1072953,27560,610116,868197,1578,28000,2,"Scott, MS"
28125,187113,3462,83725,87238,1118,28000,2,"Sharkey, MS"
28127,1185206,25623,636395,460774,1526,28000,2,"Simpson, MS"
28129,684928,14082,426737,327852,1648,28000,2,"Smith, MS"
28131,748542,18641,377522,295089,1154,28000,2,"Stone, MS"
28133,917166,24837,455001,564051,1807,28000,2,"Sunflower, MS"
28135,510171,12067,271255,251111,1671,28000,2,"Tallahatchie, MS"
28137,1274671,28259,785424,409744,1048,28000,2,"Tate, MS"
28139,916027,21438,509240,429822,1186,28000,2,"Tippah, MS"
28141,791032,18621,425145,414725,1099,28000,2,"Tishomingo, MS"
28143,437461,9407,249454,402492,1176,28000,2,"Tunica, MS"
28145,1156794,28132,665614,811397,1076,28000,2,"Union, MS"
28147,529135,13824,267794,186127,1046,28000,2,"Walthall, MS"
28149,2110390,42635,1158296,1548221,1524,28000,2,"Warren, MS"
28151,1939421,42524,935282,1020862,1875,28000,2,"Washington, MS"
28153,901536,19583,498828,470492,2100,28000,2,"Wayne, MS"
28155,440718,9944,232140,131161,1091,28000,2,"Webster, MS"
28157,290496,8203,127468,94535,1756,28000,2,"Wilkinson, MS"
28159,765294,17504,415998,387390,1573,28000,2,"Winston, MS"
28161,523835,12413,240737,179915,1210,28000,2,"Yalobusha, MS"
28163,949798,25893,467757,477767,2389,28000,2,"Yazoo, MS"
29000,364499061,6177168,213404003,248904470,178053,00000,1,Missouri
29001,943669,25151,504253,611617,1469,29000,2,"Adair, MO"
29003,942561,18016,623827,224438,1121,29000,2,"Andrew, MO"
29005,295664,5161,183318,164693,1417,29000,2,"Atchison, MO"
29007,1133173,24482,664328,652512,1793,29000,2,"Audrain, MO"
29009,1590868,34944,877806,1085840,2015,29000,2,"Barry, MO"
29011,539026,11695,317337,293601,1533,29000,2,"Barton, MO"
29013,787700,16170,453744,303094,2167,29000,2,"Bates, MO"
29015,897018,20233,417950,298665,1823,29000,2,"Benton, MO"
29017,488342,10531,267319,142740,1600,29000,2,"Bollinger, MO"
29019,10629070,187721,6462810,7909577,1776,29000,2,"Boone, MO"
29021,4078721,82891,2277345,3542140,1057,29000,2,"Buchanan, MO"
29023,1836990,42166,884214,1251186,1799,29000,2,"Butler, MO"
29025,413996,8939,248490,153742,1104,29000,2,"Caldwell, MO"
29027,2113529,44723,1246657,1172323,2162,29000,2,"Callaway, MO"
29029,2241845,43760,1028689,1195215,1699,29000,2,"Camden, MO"
29031,4217646,82931,2460986,3079453,1498,29000,2,"Cape Girardeau, MO"
29033,513279,8420,313562,279646,1799,29000,2,"Carroll, MO"
29035,250202,5254,117051,96806,1314,29000,2,"Carter, MO"
29037,6281585,110357,4069446,2187356,1804,29000,2,"Cass, MO"
29039,544581,14601,245996,231794,1229,29000,2,"Cedar, MO"
29041,390789,7395,215059,170762,1946,29000,2,"Chariton, MO"
29043,4665295,93122,3014300,1406410,1457,29000,2,"Christian, MO"
29045,303668,6715,179657,117310,1307,29000,2,"Clark, MO"
29047,14671538,256930,10028807,9587885,1030,29000,2,"Clay, MO"
29049,1079401,21303,667399,322001,1085,29000,2,"Clinton, MO"
29051,4426623,76956,2637239,4003780,1014,29000,2,"Cole, MO"
29053,866862,16763,528906,363925,1463,29000,2,"Cooper, MO"
29055,1029245,22659,524313,482667,1923,29000,2,"Crawford, MO"
29057,342251,7665,192037,149949,1269,29000,2,"Dade, MO"
29059,714923,17587,385850,207273,1401,29000,2,"Dallas, MO"
29061,329090,8457,175574,130243,1459,29000,2,"Daviess, MO"
29063,431761,11310,260827,200368,1091,29000,2,"DeKalb, MO"
29065,618132,14488,299049,266332,1950,29000,2,"Dent, MO"
29067,455383,11981,223214,162553,2107,29000,2,"Douglas, MO"
29069,1225635,27411,596616,533694,1404,29000,2,"Dunklin, MO"
29071,5700422,105793,3395264,2843549,2390,29000,2,"Franklin, MO"
29073,705160,14772,359574,340642,1344,29000,2,"Gasconade, MO"
29075,309719,6274,164144,154909,1273,29000,2,"Gentry, MO"
29077,16078185,303197,9366348,14104459,1749,29000,2,"Greene, MO"
29079,409760,9844,195661,226195,1127,29000,2,"Grundy, MO"
29081,364943,8217,191719,195823,1871,29000,2,"Harrison, MO"
29083,1119326,22421,589481,601654,1805,29000,2,"Henry, MO"
29085,342592,8575,134687,112389,1033,29000,2,"Hickory, MO"
29087,268582,4254,174741,158435,1198,29000,2,"Holt, MO"
29089,509807,10179,283528,186457,1201,29000,2,"Howard, MO"
29091,1687809,40623,822734,1041296,2401,29000,2,"Howell, MO"
29093,396917,9413,166435,223705,1425,29000,2,"Iron, MO"
29095,39053272,716218,23988416,37003226,1566,29000,2,"Jackson, MO"
29097,5612054,124016,3168375,4051578,1654,29000,2,"Jasper, MO"
29099,11923163,229220,7823581,3607567,1700,29000,2,"Jefferson, MO"
29101,2423237,54449,1473765,1547737,2148,29000,2,"Johnson, MO"
29103,172357,3777,96139,92645,1305,29000,2,"Knox, MO"
29105,1652540,36345,905197,1048896,1980,29000,2,"Laclede, MO"
29107,1711394,32967,979232,652055,1627,29000,2,"Lafayette, MO"
29109,1587246,38689,912780,702510,1584,29000,2,"Lawrence, MO"
29111,426881,9886,248915,179778,1308,29000,2,"Lewis, MO"
29113,3157386,63182,2133744,978815,1623,29000,2,"Lincoln, MO"
29115,548712,11826,283191,306495,1594,29000,2,"Linn, MO"
29117,712475,14335,394957,474979,1379,29000,2,"Livingston, MO"
29119,921304,23593,578335,535231,1397,29000,2,"McDonald, MO"
29121,810155,15076,492521,438520,2075,29000,2,"Macon, MO"
29123,541769,12757,250687,223886,1280,29000,2,"Madison, MO"
29125,353015,8432,187781,89974,1365,29000,2,"Maries, MO"
29127,1419680,28489,770005,967678,1132,29000,2,"Marion, MO"
29129,135740,3466,66462,67531,1175,29000,2,"Mercer, MO"
29131,1118199,25403,647558,534051,1535,29000,2,"Miller, MO"
29133,499704,11665,255186,248799,1066,29000,2,"Mississippi, MO"
29135,754168,15260,482297,368813,1075,29000,2,"Moniteau, MO"
29137,434434,8635,245427,147508,1677,29000,2,"Monroe, MO"
29139,586285,11479,340802,242328,1386,29000,2,"Montgomery, MO"
29141,1051542,21786,478174,451044,1548,29000,2,"Morgan, MO"
29143,826691,15710,503338,615725,1748,29000,2,"New Madrid, MO"
29145,2835139,60096,1771113,1682532,1618,29000,2,"Newton, MO"
29147,873994,20715,507016,600231,2271,29000,2,"Nodaway, MO"
29149,383385,8703,160768,155272,2046,29000,2,"Oregon, MO"
29151,721661,13398,467210,340676,1571,29000,2,"Osage, MO"
29153,366253,8954,144230,102987,1930,29000,2,"Ozark, MO"
29155,708365,14865,369294,344433,1276,29000,2,"Pemiscot, MO"
29157,941776,18878,552365,631563,1229,29000,2,"Perry, MO"
29159,1978901,43397,1140963,1425296,1767,29000,2,"Pettis, MO"
29161,2041579,45273,1101120,1317994,1740,29000,2,"Phelps, MO"
29163,753751,17644,395362,382308,1736,29000,2,"Pike, MO"
29165,7635437,110570,5214303,4225519,1087,29000,2,"Platte, MO"
29167,1422644,32659,784713,710898,1646,29000,2,"Polk, MO"
29169,2396413,53810,1447468,1856211,1417,29000,2,"Pulaski, MO"
29171,203188,4662,94776,89811,1340,29000,2,"Putnam, MO"
29173,503407,10410,314762,291523,1217,29000,2,"Ralls, MO"
29175,1275031,24626,768228,852718,1250,29000,2,"Randolph, MO"
29177,1141142,23121,714189,343056,1474,29000,2,"Ray, MO"
29179,246777,5996,104674,124934,2094,29000,2,"Reynolds, MO"
29181,489098,10714,218903,159576,1630,29000,2,"Ripley, MO"
29183,26941760,413798,18572980,13069875,1452,29000,2,"St. Charles, MO"
29185,358912,9595,159971,134960,1748,29000,2,"St. Clair, MO"
29186,889698,18613,518288,465021,1293,29000,2,"Ste. Genevieve, MO"
29187,2855526,66906,1459000,1344232,1170,29000,2,"St. Francois, MO"
29189,93423802,990791,49143803,65638327,1315,29000,2,"St. Louis, MO"
29195,1126579,23003,659017,713535,1957,29000,2,"Saline, MO"
29197,168138,4000,94744,72955,796,29000,2,"Schuyler, MO"
29199,240014,4647,154767,148550,1131,29000,2,"Scotland, MO"
29201,1916856,37868,1035477,1224366,1088,29000,2,"Scott, MO"
29203,296079,7216,145832,106118,2600,29000,2,"Shannon, MO"
29205,301452,5996,173455,150584,1297,29000,2,"Shelby, MO"
29207,1355023,28390,763388,774594,2132,29000,2,"Stoddard, MO"
29209,1576176,32134,787159,481722,1201,29000,2,"Stone, MO"
29211,265533,5816,146996,183841,1678,29000,2,"Sullivan, MO"
29213,2608865,56749,1452333,1887178,1638,29000,2,"Taney, MO"
29215,935072,25304,460955,433358,3049,29000,2,"Texas, MO"
29217,877940,19599,462960,528221,2140,29000,2,"Vernon, MO"
29219,1919360,37290,1219398,592060,1110,29000,2,"Warren, MO"
29221,891432,23392,453841,297689,1968,29000,2,"Washington, MO"
29223,459685,10817,185468,135585,1966,29000,2,"Wayne, MO"
29225,1699616,40366,1026140,667942,1535,29000,2,"Webster, MO"
29227,83970,1940,43686,31362,691,29000,2,"Worth, MO"
29229,743795,19143,376725,314056,1766,29000,2,"Wright, MO"
29510,17029151,286193,10491007,25122329,160,29000,2,"St. Louis (Independent City), MO"
30000,69132415,1122878,37819992,42783755,376974,00000,1,Montana
30001,570706,9747,297500,338396,14355,30000,2,"Beaverhead, MT"
30003,492808,12826,224755,313278,12944,30000,2,"Big Horn, MT"
30005,266109,6972,130596,138739,10949,30000,2,"Blaine, MT"
30007,404633,7771,248938,148057,3088,30000,2,"Broadwater, MT"
30009,723090,11236,392811,261431,5304,30000,2,"Carbon, MT"
30011,63333,1403,33283,34243,8652,30000,2,"Carter, MT"
30013,4858439,85001,2762224,3175646,6988,30000,2,"Cascade, MT"
30015,326401,5908,180888,169508,10289,30000,2,"Chouteau, MT"
30017,645053,12000,374419,420037,9799,30000,2,"Custer, MT"
30019,107296,1645,62201,66660,3694,30000,2,"Daniels, MT"
30021,451881,8807,263010,268843,6143,30000,2,"Dawson, MT"
30023,462362,9544,229379,248489,1908,30000,2,"Deer Lodge, MT"
30025,156498,3050,89835,114383,4197,30000,2,"Fallon, MT"
30027,624425,11672,314494,361919,11239,30000,2,"Fergus, MT"
30029,7243508,111885,3660531,4174749,13176,30000,2,"Flathead, MT"
30031,10211209,124938,6000031,6722045,6748,30000,2,"Gallatin, MT"
30033,62279,1218,37000,39729,12112,30000,2,"Garfield, MT"
30035,629556,13650,294501,344033,7757,30000,2,"Glacier, MT"
30037,45578,826,18737,21370,3042,30000,2,"Golden Valley, MT"
30039,180531,3497,82038,67674,4473,30000,2,"Granite, MT"
30041,870497,16118,471258,572949,7509,30000,2,"Hill, MT"
30043,771541,12831,440968,219335,4292,30000,2,"Jefferson, MT"
30045,123843,2079,72754,68004,4842,30000,2,"Judith Basin, MT"
30047,1545462,32853,668113,689167,3860,30000,2,"Lake, MT"
30049,4335644,73784,2434465,3185174,8957,30000,2,"Lewis and Clark, MT"
30051,139125,1974,80815,85905,3704,30000,2,"Liberty, MT"
30053,978762,21510,371690,429099,9356,30000,2,"Lincoln, MT"
30055,93255,1711,49363,52563,6843,30000,2,"McCone, MT"
30057,658245,9252,307306,446325,9293,30000,2,"Madison, MT"
30059,110097,2026,43114,47847,6195,30000,2,"Meagher, MT"
30061,224306,5020,106935,80100,3159,30000,2,"Mineral, MT"
30063,7761300,121011,4281122,5362995,6716,30000,2,"Missoula, MT"
30065,253739,5169,115455,107539,4841,30000,2,"Musselshell, MT"
30067,1104859,17753,531299,520955,7258,30000,2,"Park, MT"
30069,21043,521,12218,12647,4288,30000,2,"Petroleum, MT"
30071,197525,4228,99079,101984,13314,30000,2,"Phillips, MT"
30073,377292,6092,188881,181272,4208,30000,2,"Pondera, MT"
30075,78729,1732,41452,49167,8542,30000,2,"Powder River, MT"
30077,346075,7078,164862,194591,6024,30000,2,"Powell, MT"
30079,62532,1108,30677,29207,4498,30000,2,"Prairie, MT"
30081,2788141,47177,1288443,1054793,6193,30000,2,"Ravalli, MT"
30083,761079,11230,468857,481320,5399,30000,2,"Richland, MT"
30085,469270,10537,229727,263696,6098,30000,2,"Roosevelt, MT"
30087,439342,8152,249725,308709,12971,30000,2,"Rosebud, MT"
30089,578465,13384,217224,249728,7149,30000,2,"Sanders, MT"
30091,192122,3555,91840,98467,4343,30000,2,"Sheridan, MT"
30093,2058841,35947,1229432,1419370,1860,30000,2,"Silver Bow, MT"
30095,597461,9169,340279,395325,4654,30000,2,"Stillwater, MT"
30097,212669,3727,93374,138977,4806,30000,2,"Sweet Grass, MT"
30099,377009,6346,192320,187872,5883,30000,2,"Teton, MT"
30101,311726,5077,180752,217137,4959,30000,2,"Toole, MT"
30103,43326,754,26076,25237,2532,30000,2,"Treasure, MT"
30105,463837,7542,240272,264773,12759,30000,2,"Valley, MT"
30107,105752,2038,46869,53599,3684,30000,2,"Wheatland, MT"
30109,44035,927,24310,23238,2304,30000,2,"Wibaux, MT"
30111,11109774,169870,6691495,7735460,6821,30000,2,"Yellowstone, MT"
31000,131988788,1968060,82208025,93999501,198957,00000,1,Nebraska
31001,1976704,30947,1145306,1285599,1459,31000,2,"Adams, NE"
31003,446298,6305,279057,267124,2220,31000,2,"Antelope, NE"
31005,23007,425,14793,14799,1852,31000,2,"Arthur, NE"
31007,47332,657,35027,32537,1932,31000,2,"Banner, NE"
31009,26475,452,16037,17938,1841,31000,2,"Blaine, NE"
31011,357107,5366,207290,223788,1778,31000,2,"Boone, NE"
31013,611991,10683,348559,450487,2785,31000,2,"Box Butte, NE"
31015,141776,1730,91872,91620,1398,31000,2,"Boyd, NE"
31017,178158,2883,107961,118702,3163,31000,2,"Brown, NE"
31019,3493923,50532,2160739,2497311,2508,31000,2,"Buffalo, NE"
31021,377187,6770,226424,185776,1273,31000,2,"Burt, NE"
31023,565631,8443,374012,320839,1515,31000,2,"Butler, NE"
31025,1739927,27152,1083384,507779,1444,31000,2,"Cass, NE"
31027,547381,8366,348242,288632,1917,31000,2,"Cedar, NE"
31029,284030,3754,176597,197933,2317,31000,2,"Chase, NE"
31031,314272,5485,166670,192206,15437,31000,2,"Cherry, NE"
31033,494960,9526,256984,308085,3098,31000,2,"Cheyenne, NE"
31035,388696,6049,243805,234673,1482,31000,2,"Clay, NE"
31037,605378,10453,431556,505108,1066,31000,2,"Colfax, NE"
31039,684158,8953,464049,484639,1478,31000,2,"Cuming, NE"
31041,623702,10504,355010,383150,6671,31000,2,"Custer, NE"
31043,1262572,21116,944605,1376287,684,31000,2,"Dakota, NE"
31045,381244,8252,208801,213472,3617,31000,2,"Dawes, NE"
31047,1257753,23905,803517,913279,2624,31000,2,"Dawson, NE"
31049,91655,1901,48367,48711,1139,31000,2,"Deuel, NE"
31051,323711,5516,213425,187467,1233,31000,2,"Dixon, NE"
31053,2307119,37045,1476182,1735708,1370,31000,2,"Dodge, NE"
31055,45423374,586106,28284255,36905342,845,31000,2,"Douglas, NE"
31057,157983,1595,106635,110623,2382,31000,2,"Dundy, NE"
31059,420358,5541,257367,277030,1490,31000,2,"Fillmore, NE"
31061,176283,2850,91916,73541,1491,31000,2,"Franklin, NE"
31063,159402,2611,107248,102991,2524,31000,2,"Frontier, NE"
31065,292651,4570,168116,177710,1863,31000,2,"Furnas, NE"
31067,1636196,21564,1044704,1015742,2205,31000,2,"Gage, NE"
31069,106435,1835,55163,54553,4417,31000,2,"Garden, NE"
31071,92700,1787,48344,59133,1475,31000,2,"Garfield, NE"
31073,126577,1835,73217,61470,1187,31000,2,"Gosper, NE"
31075,29194,584,16749,17670,2012,31000,2,"Grant, NE"
31077,148485,2235,88127,82064,1476,31000,2,"Greeley, NE"
31079,3493876,62096,2103966,2795230,1415,31000,2,"Hall, NE"
31081,648277,9439,410863,372878,1404,31000,2,"Hamilton, NE"
31083,199855,3032,114966,96998,1433,31000,2,"Harlan, NE"
31085,76013,864,56500,51724,1847,31000,2,"Hayes, NE"
31087,169392,2614,102379,101702,1839,31000,2,"Hitchcock, NE"
31089,647403,10013,391007,438920,6248,31000,2,"Holt, NE"
31091,32279,682,15920,21218,1868,31000,2,"Hooker, NE"
31093,372753,6509,235603,156400,1475,31000,2,"Howard, NE"
31095,415265,7140,224583,270029,1477,31000,2,"Jefferson, NE"
31097,240246,5245,151195,157493,974,31000,2,"Johnson, NE"
31099,552034,6706,350068,304674,1337,31000,2,"Kearney, NE"
31101,458643,8179,238636,265001,2750,31000,2,"Keith, NE"
31103,50251,805,31106,28079,2002,31000,2,"Keya Paha, NE"
31105,206572,3336,110146,133662,2466,31000,2,"Kimball, NE"
31107,523659,8307,316266,299117,2871,31000,2,"Knox, NE"
31109,20209492,324434,11979555,14424823,2169,31000,2,"Lancaster, NE"
31111,2250342,33614,1427252,1653028,6641,31000,2,"Lincoln, NE"
31113,39603,685,25910,22663,1478,31000,2,"Logan, NE"
31115,35732,601,22347,20970,1460,31000,2,"Loup, NE"
31117,23887,379,16052,15551,2225,31000,2,"McPherson, NE"
31119,2264532,35414,1410020,1815257,1483,31000,2,"Madison, NE"
31121,463486,7715,282041,236743,1262,31000,2,"Merrick, NE"
31123,319080,4522,202227,205128,3688,31000,2,"Morrill, NE"
31125,171507,3317,99243,87172,1144,31000,2,"Nance, NE"
31127,407011,7036,237147,301609,1055,31000,2,"Nemaha, NE"
31129,270939,4069,160383,156644,1490,31000,2,"Nuckolls, NE"
31131,957314,16186,585874,498370,1595,31000,2,"Otoe, NE"
31133,147777,2531,85314,83144,1116,31000,2,"Pawnee, NE"
31135,288165,2827,213851,229777,2288,31000,2,"Perkins, NE"
31137,570362,8988,345081,438477,1398,31000,2,"Phelps, NE"
31139,761166,7317,601837,538095,1485,31000,2,"Pierce, NE"
31141,2001348,34355,1253189,1586511,1746,31000,2,"Platte, NE"
31143,362087,5240,245599,198832,1136,31000,2,"Polk, NE"
31145,593902,10528,329862,397484,1857,31000,2,"Red Willow, NE"
31147,453602,7730,254253,214854,1429,31000,2,"Richardson, NE"
31149,97675,1241,62561,66649,2611,31000,2,"Rock, NE"
31151,761324,14548,492592,576202,1487,31000,2,"Saline, NE"
31153,12417354,196427,8469063,7126315,617,31000,2,"Sarpy, NE"
31155,1557189,23177,975918,516143,1940,31000,2,"Saunders, NE"
31157,1908149,35769,1100987,1266329,1916,31000,2,"Scotts Bluff, NE"
31159,1123503,17625,694277,572176,1480,31000,2,"Seward, NE"
31161,323531,5006,200419,188809,6322,31000,2,"Sheridan, NE"
31163,175554,3006,105399,86590,1466,31000,2,"Sherman, NE"
31165,80206,1127,58741,53080,5353,31000,2,"Sioux, NE"
31167,350104,5765,245715,212657,1108,31000,2,"Stanton, NE"
31169,315056,4854,170238,203309,1486,31000,2,"Thayer, NE"
31171,44177,665,27989,29891,1846,31000,2,"Thomas, NE"
31173,376526,6555,234660,322608,1019,31000,2,"Thurston, NE"
31175,273363,4058,159995,178386,1471,31000,2,"Valley, NE"
31177,1479650,21167,962565,777614,1010,31000,2,"Washington, NE"
31179,538828,9899,348786,366724,1147,31000,2,"Wayne, NE"
31181,196501,3339,112834,91642,1489,31000,2,"Webster, NE"
31183,50153,782,33753,37688,1490,31000,2,"Wheeler, NE"
31185,920308,14312,551180,686914,1483,31000,2,"York, NE"
32000,198485107,3177421,116439335,131758483,284537,00000,1,Nevada
32001,1406502,25798,832536,907377,12821,32000,2,"Churchill, NV"
32003,139544808,2322535,83481983,95050686,20439,32000,2,"Clark, NV"
32005,4703470,49662,2103760,1945680,1840,32000,2,"Douglas, NV"
32007,2961716,53979,2134050,1942199,44479,32000,2,"Elko, NV"
32009,45927,747,30421,27470,9277,32000,2,"Esmeralda, NV"
32011,100424,1863,73832,603272,10815,32000,2,"Eureka, NV"
32013,965892,17296,663251,731101,24970,32000,2,"Humboldt, NV"
32015,442125,5761,340431,412239,14295,32000,2,"Lander, NV"
32017,223942,4440,129524,128222,27540,32000,2,"Lincoln, NV"
32019,2964085,61628,1791832,1098376,5188,32000,2,"Lyon, NV"
32021,217690,4537,104733,150903,9716,32000,2,"Mineral, NV"
32023,2313859,54769,1090708,1180367,47091,32000,2,"Nye, NV"
32027,268152,6450,169090,204534,15635,32000,2,"Pershing, NV"
32029,319182,4165,221312,2179511,683,32000,2,"Storey, NV"
32031,38011613,496980,21021330,21959232,16358,32000,2,"Washoe, NV"
32033,513799,8746,325695,418990,23016,32000,2,"White Pine, NV"
32510,3481921,58065,1924847,2818324,374,32000,2,"Carson City (Independent City), NV"
33000,104683632,1399003,69741287,70974960,23190,00000,1,New Hampshire
33001,4875560,64705,2959446,2396428,1041,33000,2,"Belknap, NH"
33003,3835296,52154,1860470,1839642,2414,33000,2,"Carroll, NH"
33005,4927015,77463,2952992,2912458,1830,33000,2,"Cheshire, NH"
33007,1666915,31476,820218,910407,4648,33000,2,"Coos, NH"
33009,6933525,93131,4096151,5791470,4425,33000,2,"Grafton, NH"
33011,31032400,427493,21980625,24330537,2270,33000,2,"Hillsborough, NH"
33013,10909892,156459,7042934,7966411,2416,33000,2,"Merrimack, NH"
33015,29355684,319633,20672682,18631393,1801,33000,2,"Rockingham, NH"
33017,8330996,132571,5680288,4953313,952,33000,2,"Strafford, NH"
33019,2816349,43918,1675481,1242901,1393,33000,2,"Sullivan, NH"
34000,719973519,9260817,481093166,461033120,19049,00000,1,New Jersey
34001,15770390,275382,9337034,10953239,1439,34000,2,"Atlantic, NJ"
34003,91953712,953540,61371305,52080398,603,34000,2,"Bergen, NJ"
34005,33050346,466101,22342868,22175370,2070,34000,2,"Burlington, NJ"
34007,32522258,524649,20647050,19793287,573,34000,2,"Camden, NJ"
34009,6987486,95405,3584249,3613624,651,34000,2,"Cape May, NJ"
34011,7236712,151347,4084632,5181843,1252,34000,2,"Cumberland, NJ"
34013,64993903,849724,40961656,40729902,327,34000,2,"Essex, NJ"
34015,19197838,306767,13033197,10000976,834,34000,2,"Gloucester, NJ"
34017,53633583,702381,40891747,38878344,120,34000,2,"Hudson, NJ"
34019,12935371,129805,8786208,5638479,1108,34000,2,"Hunterdon, NJ"
34021,30500690,380779,19839555,29114380,581,34000,2,"Mercer, NJ"
34023,61451055,861094,42619947,49059903,801,34000,2,"Middlesex, NJ"
34025,60905146,644228,40697298,29223915,1213,34000,2,"Monmouth, NJ"
34027,55752120,511219,38682388,44306274,1194,34000,2,"Morris, NJ"
34029,38515226,655663,22268692,16100889,1627,34000,2,"Ocean, NJ"
34031,29539652,513634,18909093,16212917,482,34000,2,"Passaic, NJ"
34033,3581159,65157,2145532,2083937,860,34000,2,"Salem, NJ"
34035,39329248,347047,28411107,31661019,782,34000,2,"Somerset, NJ"
34037,10385718,145575,7046307,3671555,1343,34000,2,"Sussex, NJ"
34039,44743239,570417,30868899,27525964,266,34000,2,"Union, NJ"
34041,6988667,110903,4564402,3026905,923,34000,2,"Warren, NJ"
35000,112180905,2113476,60889087,69358613,314199,00000,1,New Mexico
35001,37854553,672957,21764066,28879821,3008,35000,2,"Bernalillo, NM"
35003,158433,3793,58839,65628,17934,35000,2,"Catron, NM"
35005,3369057,63892,1868254,1845310,15714,35000,2,"Chaves, NM"
35006,938697,26871,423439,424865,11759,35000,2,"Cibola, NM"
35007,609823,12272,273549,309556,9733,35000,2,"Colfax, NM"
35009,2688362,47430,1612418,1934702,3640,35000,2,"Curry, NM"
35011,100239,1692,46082,51405,6017,35000,2,"De Baca, NM"
35013,10332874,223530,5454638,5919019,9863,35000,2,"Doa Ana, NM"
35015,4329158,60203,2679281,3395499,10817,35000,2,"Eddy, NM"
35017,1420153,27693,613764,714921,10259,35000,2,"Grant, NM"
35019,190801,4316,79507,85946,7847,35000,2,"Guadalupe, NM"
35021,31589,621,15699,16200,5505,35000,2,"Harding, NM"
35023,216263,4011,110078,125319,8906,35000,2,"Hidalgo, NM"
35025,3962340,72343,2645230,3048583,11374,35000,2,"Lea, NM"
35027,1042475,20343,410358,439059,12513,35000,2,"Lincoln, NM"
35028,1674926,19273,1227356,2541569,283,35000,2,"Los Alamos, NM"
35029,986519,25693,423608,530120,7680,35000,2,"Luna, NM"
35031,2476608,69931,1085987,1280379,14118,35000,2,"McKinley, NM"
35033,226206,4147,89969,62784,4989,35000,2,"Mora, NM"
35035,2911257,68517,1512663,1744913,17126,35000,2,"Otero, NM"
35037,414368,8529,176852,205995,7444,35000,2,"Quay, NM"
35039,1783532,39991,830029,643557,15180,35000,2,"Rio Arriba, NM"
35041,995263,18858,594587,503465,6335,35000,2,"Roosevelt, NM"
35043,8220006,153597,4891523,2588537,9609,35000,2,"Sandoval, NM"
35045,5324408,120569,2839037,3331392,14290,35000,2,"San Juan, NM"
35047,1231279,26902,444159,467391,12229,35000,2,"San Miguel, NM"
35049,11360039,155761,5305501,5348458,4948,35000,2,"Santa Fe, NM"
35051,567028,11474,181269,235717,10829,35000,2,"Sierra, NM"
35053,708171,16111,316134,365889,17214,35000,2,"Socorro, NM"
35055,1634616,34590,628457,712247,5704,35000,2,"Taos, NM"
35057,700672,15383,337371,286949,8664,35000,2,"Torrance, NM"
35059,177250,3982,89663,102047,9907,35000,2,"Union, NM"
35061,3543940,78201,1859720,1151371,2763,35000,2,"Valencia, NM"
36000,1524707021,19673200,945949900,1171081095,122050,00000,1,New York
36001,23298217,315921,13924098,24595552,1354,36000,2,"Albany, NY"
36003,1903528,46726,1041245,1014933,2666,36000,2,"Allegany, NY"
36005,59236027,1381808,32520373,31192395,109,36000,2,"Bronx, NY"
36007,9702110,197258,5591074,6684067,1828,36000,2,"Broome, NY"
36009,3508297,76050,1946318,2102732,3388,36000,2,"Cattaraugus, NY"
36011,3889664,74679,2322266,2171423,1791,36000,2,"Cayuga, NY"
36013,5950233,125344,3236812,3437354,2746,36000,2,"Chautauqua, NY"
36015,4263916,81641,2455409,2730816,1055,36000,2,"Chemung, NY"
36017,2380512,46331,1369471,1490937,2314,36000,2,"Chenango, NY"
36019,4083192,78037,2398336,2690064,2688,36000,2,"Clinton, NY"
36021,4293329,61108,2442780,1773656,1644,36000,2,"Columbia, NY"
36023,2262782,46081,1362054,1377379,1292,36000,2,"Cortland, NY"
36025,2105050,44774,1079771,1244535,3736,36000,2,"Delaware, NY"
36027,20075489,297609,12673498,10532466,2061,36000,2,"Dutchess, NY"
36029,55453671,948423,34505061,41884722,2701,36000,2,"Erie, NY"
36031,2018526,36763,1072279,1130005,4647,36000,2,"Essex, NY"
36033,2323998,46393,1288276,1553694,4220,36000,2,"Franklin, NY"
36035,2675851,52256,1533405,1287321,1283,36000,2,"Fulton, NY"
36037,2942153,57398,1792026,1812466,1277,36000,2,"Genesee, NY"
36039,2746820,47345,1589132,1337465,1676,36000,2,"Greene, NY"
36041,280767,5121,133071,129849,4448,36000,2,"Hamilton, NY"
36043,2956003,59584,1688786,1176669,3656,36000,2,"Herkimer, NY"
36045,6136336,115461,3775584,4677793,3286,36000,2,"Jefferson, NY"
36047,165141313,2589531,105951425,74771438,180,36000,2,"Kings, NY"
36049,1475519,26595,965086,637471,3301,36000,2,"Lewis, NY"
36051,3119120,61340,1889903,1639479,1636,36000,2,"Livingston, NY"
36053,3772246,67054,2333329,1679055,1696,36000,2,"Madison, NY"
36055,45249625,750887,27561020,33653685,1701,36000,2,"Monroe, NY"
36057,2402832,49333,1337536,1433606,1044,36000,2,"Montgomery, NY"
36059,136637295,1385294,86479463,68832958,737,36000,2,"Nassau, NY"
36061,318059265,1594543,197934679,504209816,59,36000,2,"New York, NY"
36063,11185994,210467,6851077,5496031,1353,36000,2,"Niagara, NY"
36065,12100682,228358,7035768,8443587,3140,36000,2,"Oneida, NY"
36067,28574932,469728,18134817,22907767,2016,36000,2,"Onondaga, NY"
36069,6930687,112481,4205004,4354695,1668,36000,2,"Ontario, NY"
36071,23350159,406491,15130740,13376143,2104,36000,2,"Orange, NY"
36073,1831081,39163,1063623,998088,1013,36000,2,"Orleans, NY"
36075,5614722,118239,3385604,2747307,2465,36000,2,"Oswego, NY"
36077,3044852,60409,1751564,1881758,2594,36000,2,"Otsego, NY"
36079,7831661,98312,5287494,2607056,596,36000,2,"Putnam, NY"
36081,130685469,2278558,80423557,70071176,282,36000,2,"Queens, NY"
36083,9219034,159421,5938437,5502032,1690,36000,2,"Rensselaer, NY"
36085,30972779,491358,18825432,12779035,149,36000,2,"Richmond, NY"
36087,22914320,340357,14415619,12532911,449,36000,2,"Rockland, NY"
36089,4889910,107089,2768253,2966092,6940,36000,2,"St. Lawrence, NY"
36091,18204574,238468,11789970,8657471,2098,36000,2,"Saratoga, NY"
36093,9095804,159694,5676189,5436968,530,36000,2,"Schenectady, NY"
36095,1522298,30091,912733,698380,1611,36000,2,"Schoharie, NY"
36097,884682,17609,496053,388261,850,36000,2,"Schuyler, NY"
36099,1586523,32586,905903,1029265,838,36000,2,"Seneca, NY"
36101,5086953,92505,3019119,3559274,3601,36000,2,"Steuben, NY"
36103,127694848,1527974,81277524,71216960,2360,36000,2,"Suffolk, NY"
36105,4390593,79735,2437355,2364898,2507,36000,2,"Sullivan, NY"
36107,2486585,47766,1499967,1195929,1344,36000,2,"Tioga, NY"
36109,5380635,104299,3322556,4527936,1229,36000,2,"Tompkins, NY"
36111,11435577,182320,6699969,5359565,2912,36000,2,"Ulster, NY"
36113,4100372,65427,2439974,2971928,2246,36000,2,"Warren, NY"
36115,2943534,60810,1737969,1330854,2153,36000,2,"Washington, NY"
36117,5017390,90958,3157652,2612494,1564,36000,2,"Wayne, NY"
36119,122128884,991736,77192569,56292403,1116,36000,2,"Westchester, NY"
36121,2015826,39601,1276158,1269432,1535,36000,2,"Wyoming, NY"
36123,1241975,24502,697685,619598,876,36000,2,"Yates, NY"
37000,630558833,10695965,383626484,437389166,125933,00000,1,North Carolina
37001,8713962,176618,5291383,4957343,1097,37000,2,"Alamance, NC"
37003,1775239,36316,1053009,761690,673,37000,2,"Alexander, NC"
37005,497058,11193,211242,224041,608,37000,2,"Alleghany, NC"
37007,1135619,21958,656386,605497,1376,37000,2,"Anson, NC"
37009,1221451,27062,561107,541348,1104,37000,2,"Ashe, NC"
37011,825842,17541,376987,467106,641,37000,2,"Avery, NC"
37013,2426620,44400,1219696,1182551,2157,37000,2,"Beaufort, NC"
37015,851154,17068,446130,425227,1811,37000,2,"Bertie, NC"
37017,1465775,29391,785297,1004994,2266,37000,2,"Bladen, NC"
37019,8951852,152908,3925441,3139488,2202,37000,2,"Brunswick, NC"
37021,16966788,273790,8927804,11389239,1700,37000,2,"Buncombe, NC"
37023,4016260,87972,2167520,2056349,1311,37000,2,"Burke, NC"
37025,12984263,235909,8957190,6515198,936,37000,2,"Cabarrus, NC"
37027,3670602,80347,1994368,1888744,1222,37000,2,"Caldwell, NC"
37029,618958,11090,395048,116230,622,37000,2,"Camden, NC"
37031,4449360,69326,2246687,1793931,1315,37000,2,"Carteret, NC"
37033,936212,22431,493003,217615,1102,37000,2,"Caswell, NC"
37035,8999792,163167,5241910,6988162,1040,37000,2,"Catawba, NC"
37037,6513451,79939,3715132,1453327,1766,37000,2,"Chatham, NC"
37039,1182571,29459,469095,549497,1180,37000,2,"Cherokee, NC"
37041,707563,13898,340683,375458,447,37000,2,"Chowan, NC"
37043,520603,11615,191218,145391,557,37000,2,"Clay, NC"
37045,4615782,100653,2472981,2666800,1202,37000,2,"Cleveland, NC"
37047,2225961,50075,1115563,1090594,2430,37000,2,"Columbus, NC"
37049,5535256,101087,2854106,3837621,1830,37000,2,"Craven, NC"
37051,15656782,336781,7885756,15059409,1690,37000,2,"Cumberland, NC"
37053,1805263,31008,1186034,571906,678,37000,2,"Currituck, NC"
37055,2809303,37987,1621433,1618191,993,37000,2,"Dare, NC"
37057,8532568,172380,5213861,3719511,1433,37000,2,"Davidson, NC"
37059,2672343,44115,1565104,1017896,683,37000,2,"Davie, NC"
37061,2736390,48934,1639075,1619224,2110,37000,2,"Duplin, NC"
37063,20335144,333292,13108847,27117961,742,37000,2,"Durham, NC"
37065,2178852,48389,1018641,1168669,1309,37000,2,"Edgecombe, NC"
37067,22555096,389661,13277691,17657094,1056,37000,2,"Forsyth, NC"
37069,3499618,74400,2276071,1110108,1274,37000,2,"Franklin, NC"
37071,11712264,233970,7181865,5765115,921,37000,2,"Gaston, NC"
37073,529270,10370,304653,132276,882,37000,2,"Gates, NC"
37075,332824,8032,155319,140494,756,37000,2,"Graham, NC"
37077,2954912,61702,1855082,1739292,1378,37000,2,"Granville, NC"
37079,814966,20367,494282,349512,691,37000,2,"Greene, NC"
37081,30973099,546457,18739471,25273385,1673,37000,2,"Guilford, NC"
37083,2157542,47711,1011130,979542,1874,37000,2,"Halifax, NC"
37085,6327144,138478,3827335,2055623,1541,37000,2,"Harnett, NC"
37087,3180657,62615,1579096,1319426,1434,37000,2,"Haywood, NC"
37089,6559315,118298,3225829,3318170,966,37000,2,"Henderson, NC"
37091,872663,19634,431902,576011,915,37000,2,"Hertford, NC"
37093,2243683,53691,1261384,643134,1010,37000,2,"Hoke, NC"
37095,228179,4656,126651,129141,1586,37000,2,"Hyde, NC"
37097,12434026,195874,8155430,7599881,1488,37000,2,"Iredell, NC"
37099,1966300,43922,973333,1311560,1272,37000,2,"Jackson, NC"
37101,11773963,234902,8055591,4857931,2051,37000,2,"Johnston, NC"
37103,467641,9219,252332,181322,1221,37000,2,"Jones, NC"
37105,3327670,65543,1795313,1926860,661,37000,2,"Lee, NC"
37107,2834875,54499,1568677,2172903,1034,37000,2,"Lenoir, NC"
37109,5432973,93108,3461864,2150295,766,37000,2,"Lincoln, NC"
37111,2018203,44755,1046063,1046006,1139,37000,2,"McDowell, NC"
37113,1881511,37969,787625,883096,1335,37000,2,"Macon, NC"
37115,983976,21881,506741,318512,1164,37000,2,"Madison, NC"
37117,916898,21478,404525,401612,1182,37000,2,"Martin, NC"
37119,89730983,1144075,61915939,93947607,1356,37000,2,"Mecklenburg, NC"
37121,666095,15048,320771,329885,573,37000,2,"Mitchell, NC"
37123,1216518,25841,651592,712956,1273,37000,2,"Montgomery, NC"
37125,6816702,105491,3375801,3189724,1807,37000,2,"Moore, NC"
37127,4877155,95820,2745936,2969179,1400,37000,2,"Nash, NC"
37129,14552452,235784,7808437,11058376,498,37000,2,"New Hanover, NC"
37131,817577,16827,377574,377091,1390,37000,2,"Northampton, NC"
37133,10821931,209031,6691487,7813825,1974,37000,2,"Onslow, NC"
37135,11633684,150253,6872147,8127926,1030,37000,2,"Orange, NC"
37137,653276,12234,300179,221364,872,37000,2,"Pamlico, NC"
37139,1969636,41168,1093495,1233428,588,37000,2,"Pasquotank, NC"
37141,3368318,65698,1910768,1124646,2257,37000,2,"Pender, NC"
37143,707684,13221,364516,195496,640,37000,2,"Perquimans, NC"
37145,1838298,39343,1032232,702534,1016,37000,2,"Person, NC"
37147,9390495,173610,5655239,6667300,1690,37000,2,"Pitt, NC"
37149,1249702,20012,537252,426771,616,37000,2,"Polk, NC"
37151,6932264,146196,4070822,3287546,2026,37000,2,"Randolph, NC"
37153,1968365,42573,1023772,1028055,1227,37000,2,"Richmond, NC"
37155,4954945,116466,2445548,2698602,2453,37000,2,"Robeson, NC"
37157,4255374,91966,2296797,1702842,1465,37000,2,"Rockingham, NC"
37159,6988966,149673,3949908,4121647,1325,37000,2,"Rowan, NC"
37161,2770266,64945,1363334,1283573,1464,37000,2,"Rutherford, NC"
37163,2856230,59027,1619108,1500603,2450,37000,2,"Sampson, NC"
37165,1435122,34350,672309,843755,827,37000,2,"Scotland, NC"
37167,3111974,64231,1831568,1451296,1023,37000,2,"Stanly, NC"
37169,2125308,45136,1218305,498945,1164,37000,2,"Stokes, NC"
37171,3547888,71482,1971807,2078104,1380,37000,2,"Surry, NC"
37173,735219,13936,355993,455365,1367,37000,2,"Swain, NC"
37175,1885143,33373,777237,757582,980,37000,2,"Transylvania, NC"
37177,150676,3473,83052,76011,1012,37000,2,"Tyrrell, NC"
37179,17321220,249172,12392827,6742113,1639,37000,2,"Union, NC"
37181,1849621,42154,867905,915125,654,37000,2,"Vance, NC"
37183,90351452,1170778,62449164,67365703,2162,37000,2,"Wake, NC"
37185,702817,18677,326739,189182,1112,37000,2,"Warren, NC"
37187,495513,10776,213792,177317,897,37000,2,"Washington, NC"
37189,2719326,55013,1446745,1814870,809,37000,2,"Watauga, NC"
37191,5806794,117449,3334155,3558856,1435,37000,2,"Wayne, NC"
37193,3225219,65791,1612899,1642285,1952,37000,2,"Wilkes, NC"
37195,3913625,78306,2120807,2720401,952,37000,2,"Wilson, NC"
37197,1822245,37507,1056919,739124,867,37000,2,"Yadkin, NC"
37199,808848,18768,368615,317647,810,37000,2,"Yancey, NC"
38000,55487958,778912,34568957,41260291,178698,00000,1,North Dakota
38001,129131,2133,67270,68011,2558,38000,2,"Adams, ND"
38003,801678,10761,484773,505700,3863,38000,2,"Barnes, ND"
38005,387546,5772,240605,265961,3596,38000,2,"Benson, ND"
38007,84042,1025,45749,54310,2975,38000,2,"Billings, ND"
38009,568719,6384,354160,345571,4322,38000,2,"Bottineau, ND"
38011,208880,2899,119617,127891,3009,38000,2,"Bowman, ND"
38013,219097,2132,147586,139796,2858,38000,2,"Burke, ND"
38015,7203750,99396,4361125,5042483,4229,38000,2,"Burleigh, ND"
38017,13500284,192713,8537196,10928758,4571,38000,2,"Cass, ND"
38019,485882,3608,367196,376796,3857,38000,2,"Cavalier, ND"
38021,484338,4928,264492,268307,2931,38000,2,"Dickey, ND"
38023,163535,2169,88889,102147,3266,38000,2,"Divide, ND"
38025,410320,3994,216545,295669,5202,38000,2,"Dunn, ND"
38027,207551,2307,141839,127269,1632,38000,2,"Eddy, ND"
38029,295136,3254,194467,196582,3911,38000,2,"Emmons, ND"
38031,294463,3380,208082,240143,1642,38000,2,"Foster, ND"
38033,95670,1746,52762,60473,2592,38000,2,"Golden Valley, ND"
38035,4442451,72421,2816431,3422752,3720,38000,2,"Grand Forks, ND"
38037,143609,2238,81353,85030,4297,38000,2,"Grant, ND"
38039,212461,2249,140650,151919,1835,38000,2,"Griggs, ND"
38041,164748,2411,94326,93566,2932,38000,2,"Hettinger, ND"
38043,193458,2381,122158,115595,3499,38000,2,"Kidder, ND"
38045,381445,4076,236024,241374,2968,38000,2,"LaMoure, ND"
38047,153293,1838,97033,99610,2571,38000,2,"Logan, ND"
38049,403078,5195,268597,209318,4853,38000,2,"McHenry, ND"
38051,213568,2495,118073,129875,2524,38000,2,"McIntosh, ND"
38053,1113879,13889,620907,1185815,7149,38000,2,"McKenzie, ND"
38055,767131,9858,455991,495400,5466,38000,2,"McLean, ND"
38057,542014,8327,329821,440343,2701,38000,2,"Mercer, ND"
38059,2089205,33705,1301777,1062659,4988,38000,2,"Morton, ND"
38061,778441,9241,415166,575375,4727,38000,2,"Mountrail, ND"
38063,275585,2999,171159,159884,2543,38000,2,"Nelson, ND"
38065,114084,1862,74922,102764,1871,38000,2,"Oliver, ND"
38067,603268,6745,387876,451105,2897,38000,2,"Pembina, ND"
38069,290024,3931,184164,202487,2637,38000,2,"Pierce, ND"
38071,797519,11516,481517,548283,3070,38000,2,"Ramsey, ND"
38073,430953,5647,256578,242003,2234,38000,2,"Ransom, ND"
38075,258790,2250,189309,168153,2272,38000,2,"Renville, ND"
38077,1100804,16574,680117,724661,3718,38000,2,"Richland, ND"
38079,687373,11867,355807,396206,2339,38000,2,"Rolette, ND"
38081,351931,3804,227453,355016,2223,38000,2,"Sargent, ND"
38083,121342,1286,87519,85111,2518,38000,2,"Sheridan, ND"
38085,148236,3686,72065,127207,2834,38000,2,"Sioux, ND"
38087,43367,682,21287,18144,3148,38000,2,"Slope, ND"
38089,2241538,32718,1476163,1740186,3457,38000,2,"Stark, ND"
38091,195008,1793,141536,143785,1844,38000,2,"Steele, ND"
38093,1455416,21476,912822,1032034,5755,38000,2,"Stutsman, ND"
38095,261604,2060,197184,198535,2655,38000,2,"Towner, ND"
38097,590964,7955,370501,384766,2232,38000,2,"Traill, ND"
38099,785082,10460,484463,538638,3319,38000,2,"Walsh, ND"
38101,4417116,68788,2823699,3223369,5214,38000,2,"Ward, ND"
38103,414299,3922,285084,305307,3291,38000,2,"Wells, ND"
38105,2764852,37966,1697072,2658149,5381,38000,2,"Williams, ND"
39000,686658404,11759697,413375428,469416051,105824,00000,1,Ohio
39001,1188673,27459,609334,511347,1512,39000,2,"Adams, OH"
39003,5151502,101097,2983449,3902753,1043,39000,2,"Allen, OH"
39005,2509334,52024,1482223,1374511,1096,39000,2,"Ashland, OH"
39007,4624254,96960,2449895,2195350,1818,39000,2,"Ashtabula, OH"
39009,2508700,60881,1337579,1582423,1304,39000,2,"Athens, OH"
39011,2614451,45946,1631031,1642968,1040,39000,2,"Auglaize, OH"
39013,3163762,65495,1645898,1455807,1378,39000,2,"Belmont, OH"
39015,2052296,43700,1186951,592483,1268,39000,2,"Brown, OH"
39017,21736416,389728,13803837,13786986,1208,39000,2,"Butler, OH"
39019,1290992,26686,743074,465249,1022,39000,2,"Carroll, OH"
39021,1909832,38743,1197913,817406,1111,39000,2,"Champaign, OH"
39023,6477738,134732,3603240,3438228,1028,39000,2,"Clark, OH"
39025,12747102,210679,8192434,5309624,1172,39000,2,"Clermont, OH"
39027,2166136,41890,1331470,1755916,1059,39000,2,"Clinton, OH"
39029,4561643,100569,2453911,2058302,1378,39000,2,"Columbiana, OH"
39031,1555404,36615,815848,764550,1461,39000,2,"Coshocton, OH"
39033,1917564,41509,1055584,937562,1041,39000,2,"Crawford, OH"
39035,80087053,1236994,45056779,70340275,1184,39000,2,"Cuyahoga, OH"
39037,2718199,51526,1689472,1509004,1549,39000,2,"Darke, OH"
39039,1838194,38128,1078281,1125293,1066,39000,2,"Defiance, OH"
39041,19957145,226526,14062969,9460426,1148,39000,2,"Delaware, OH"
39043,4331263,74514,2454732,2726566,651,39000,2,"Erie, OH"
39045,9085529,162956,5965164,3409011,1306,39000,2,"Fairfield, OH"
39047,1375692,28832,796878,777318,1052,39000,2,"Fayette, OH"
39049,80821557,1321730,52233380,76082543,1379,39000,2,"Franklin, OH"
39051,2275952,42158,1425916,1475198,1050,39000,2,"Fulton, OH"
39053,1376980,29030,653557,769008,1208,39000,2,"Gallia, OH"
39055,7769434,95491,4784684,3169242,1037,39000,2,"Geauga, OH"
39057,10270959,169027,6231060,8087843,1071,39000,2,"Greene, OH"
39059,1864816,38060,962139,1019267,1353,39000,2,"Guernsey, OH"
39061,59481810,824721,33633801,52900506,1050,39000,2,"Hamilton, OH"
39063,4462221,74774,2871565,4043131,1376,39000,2,"Hancock, OH"
39065,1231476,30391,711851,598309,1218,39000,2,"Hardin, OH"
39067,671299,14351,354549,273660,1042,39000,2,"Harrison, OH"
39069,1468224,27526,891591,838277,1077,39000,2,"Henry, OH"
39071,1942293,43426,1109243,809088,1432,39000,2,"Highland, OH"
39073,1283321,27818,704718,423390,1091,39000,2,"Hocking, OH"
39075,2539542,44375,1884701,2294714,1095,39000,2,"Holmes, OH"
39077,2820846,58219,1663238,1691412,1275,39000,2,"Huron, OH"
39079,1355031,32611,708598,649329,1089,39000,2,"Jackson, OH"
39081,2990179,64273,1500478,1461423,1057,39000,2,"Jefferson, OH"
39083,3315551,63196,1903559,1661250,1361,39000,2,"Knox, OH"
39085,13904543,231736,8569317,7347978,594,39000,2,"Lake, OH"
39087,2739369,56572,1458104,901894,1174,39000,2,"Lawrence, OH"
39089,10158528,181765,6531643,5586369,1767,39000,2,"Licking, OH"
39091,2276290,46062,1357133,1451297,1188,39000,2,"Logan, OH"
39093,17726660,316031,10762849,7420459,1270,39000,2,"Lorain, OH"
39095,23201737,426719,13782455,17276805,880,39000,2,"Lucas, OH"
39097,2338316,43581,1483071,1579624,1206,39000,2,"Madison, OH"
39099,11703903,225922,6220154,7015256,1066,39000,2,"Mahoning, OH"
39101,2818446,64609,1558197,1763142,1046,39000,2,"Marion, OH"
39103,12241104,183489,8037175,5094989,1092,39000,2,"Medina, OH"
39105,931545,21961,480460,239116,1114,39000,2,"Meigs, OH"
39107,2616202,42424,1721504,1709548,1198,39000,2,"Mercer, OH"
39109,6253650,110213,3895765,3226716,1053,39000,2,"Miami, OH"
39111,565249,13215,244967,228028,1180,39000,2,"Monroe, OH"
39113,29484724,533474,16916417,21206664,1195,39000,2,"Montgomery, OH"
39115,591618,13669,312307,207369,1079,39000,2,"Morgan, OH"
39117,1739735,35336,1124505,472566,1052,39000,2,"Morrow, OH"
39119,4307241,86114,2455788,2607230,1721,39000,2,"Muskingum, OH"
39121,452063,14325,234747,225364,1031,39000,2,"Noble, OH"
39123,2514038,39968,1380603,1076779,660,39000,2,"Ottawa, OH"
39125,957304,18762,553764,388493,1079,39000,2,"Paulding, OH"
39127,1662254,35471,984657,502413,1057,39000,2,"Perry, OH"
39129,3035274,60007,1974889,1425489,1298,39000,2,"Pickaway, OH"
39131,1249476,27012,660094,899509,1140,39000,2,"Pike, OH"
39133,8750157,161742,5380946,4473217,1262,39000,2,"Portage, OH"
39135,2013200,40574,1210095,930415,1099,39000,2,"Preble, OH"
39137,2057772,34330,1317132,967623,1250,39000,2,"Putnam, OH"
39139,5719427,125261,3158967,3464982,1283,39000,2,"Richland, OH"
39141,3460960,76508,1943807,2334702,1785,39000,2,"Ross, OH"
39143,2900379,58567,1701570,1802905,1057,39000,2,"Sandusky, OH"
39145,3361670,72189,1662087,1739670,1580,39000,2,"Scioto, OH"
39147,2635861,54534,1477910,1370298,1427,39000,2,"Seneca, OH"
39149,2526636,47684,1597950,2210178,1056,39000,2,"Shelby, OH"
39151,20183267,372785,11621471,11700165,1490,39000,2,"Stark, OH"
39153,32827537,535769,20037463,22770440,1069,39000,2,"Summit, OH"
39155,9387227,200726,4968905,4717953,1601,39000,2,"Trumbull, OH"
39157,5004245,91971,3112818,3098646,1470,39000,2,"Tuscarawas, OH"
39159,4638632,66876,3426175,3314756,1118,39000,2,"Union, OH"
39161,1447266,28804,891293,875439,1060,39000,2,"Van Wert, OH"
39163,517889,12577,262559,162100,1068,39000,2,"Vinton, OH"
39165,18361293,249735,12692565,9495144,1040,39000,2,"Warren, OH"
39167,3031311,58868,1659743,2026345,1637,39000,2,"Washington, OH"
39169,6302091,116552,3993702,4298759,1437,39000,2,"Wayne, OH"
39171,1832928,36648,1097437,1258944,1090,39000,2,"Williams, OH"
39173,7514181,131642,4816537,5564363,1598,39000,2,"Wood, OH"
39175,1204841,21552,787157,798962,1054,39000,2,"Wyandot, OH"
40000,233290204,4019271,141018257,156531942,177664,00000,1,Oklahoma
40001,825404,19516,418976,351327,1486,40000,2,"Adair, OK"
40003,254766,5689,129555,131868,2244,40000,2,"Alfalfa, OK"
40005,508074,14327,241430,205517,2526,40000,2,"Atoka, OK"
40007,346698,5019,254206,232108,4700,40000,2,"Beaver, OK"
40009,863787,21976,441851,606721,2335,40000,2,"Beckham, OK"
40011,444558,8445,184496,223290,2405,40000,2,"Blaine, OK"
40013,2125794,48038,1166129,1401175,2342,40000,2,"Bryan, OK"
40015,1181510,26237,587774,511911,3309,40000,2,"Caddo, OK"
40017,8884396,169254,5908719,2776813,2322,40000,2,"Canadian, OK"
40019,2466708,48336,1237489,1627744,2129,40000,2,"Carter, OK"
40021,1969639,48074,999323,1061013,1940,40000,2,"Cherokee, OK"
40023,566873,14407,253706,268403,1995,40000,2,"Choctaw, OK"
40025,156878,2233,109006,103201,4752,40000,2,"Cimarron, OK"
40027,15522324,299484,9364653,6904656,1396,40000,2,"Cleveland, OK"
40029,230308,5291,112385,96789,1338,40000,2,"Coal, OK"
40031,5913672,122225,3378697,3996077,2770,40000,2,"Comanche, OK"
40033,284284,5449,165886,125161,1639,40000,2,"Cotton, OK"
40035,637915,14176,311611,360929,1972,40000,2,"Craig, OK"
40037,3504097,72686,1908131,1485724,2460,40000,2,"Creek, OK"
40039,1333597,28039,729242,895877,2561,40000,2,"Custer, OK"
40041,1839130,41480,856488,730272,1911,40000,2,"Delaware, OK"
40043,229820,4404,115923,164700,2589,40000,2,"Dewey, OK"
40045,227174,3683,122590,116883,3190,40000,2,"Ellis, OK"
40047,3058021,61951,1629330,1896626,2742,40000,2,"Garfield, OK"
40049,1236694,25771,626329,783547,2078,40000,2,"Garvin, OK"
40051,2726327,56648,1587334,918280,2850,40000,2,"Grady, OK"
40053,234663,4122,134619,144562,2592,40000,2,"Grant, OK"
40055,202512,5546,92824,74682,1656,40000,2,"Greer, OK"
40057,137972,2416,84444,74183,1391,40000,2,"Harmon, OK"
40059,196269,3165,125264,102805,2690,40000,2,"Harper, OK"
40061,519182,11667,251922,255759,1494,40000,2,"Haskell, OK"
40063,621451,13434,335954,313397,2084,40000,2,"Hughes, OK"
40065,1276147,24659,758824,922170,2079,40000,2,"Jackson, OK"
40067,233117,5408,106207,74093,1966,40000,2,"Jefferson, OK"
40069,471982,10346,236031,205580,1665,40000,2,"Johnston, OK"
40071,2110736,43738,1133392,1320213,2382,40000,2,"Kay, OK"
40073,1086351,15228,574824,612662,2326,40000,2,"Kingfisher, OK"
40075,404482,8480,212307,180832,2629,40000,2,"Kiowa, OK"
40077,382051,9556,169412,170879,1870,40000,2,"Latimer, OK"
40079,2049202,49002,1030957,922255,4117,40000,2,"Le Flore, OK"
40081,1503519,34134,828627,513749,2467,40000,2,"Lincoln, OK"
40083,2521521,51924,1612411,580877,1926,40000,2,"Logan, OK"
40085,444559,10174,237956,344484,1331,40000,2,"Love, OK"
40087,2494304,45410,1580728,813965,1478,40000,2,"McClain, OK"
40089,1372079,30773,742542,849055,4793,40000,2,"McCurtain, OK"
40091,815810,19403,327228,253895,1601,40000,2,"McIntosh, OK"
40093,360646,7536,193302,166726,2473,40000,2,"Major, OK"
40095,729662,15921,368176,356716,962,40000,2,"Marshall, OK"
40097,1785460,39570,925688,979837,1697,40000,2,"Mayes, OK"
40099,655789,13681,356467,319447,1078,40000,2,"Murray, OK"
40101,3008051,66307,1422965,2067561,2100,40000,2,"Muskogee, OK"
40103,549655,10845,308590,359524,1895,40000,2,"Noble, OK"
40105,426090,9413,219291,137904,1465,40000,2,"Nowata, OK"
40107,423731,11227,185729,145359,1602,40000,2,"Okfuskee, OK"
40109,57148735,803103,36214257,51877223,1836,40000,2,"Oklahoma, OK"
40111,1585303,37011,757537,621387,1806,40000,2,"Okmulgee, OK"
40113,1982034,45852,1159397,550326,5819,40000,2,"Osage, OK"
40115,1395477,30329,716974,846821,1219,40000,2,"Ottawa, OK"
40117,686190,15681,338827,219987,1472,40000,2,"Pawnee, OK"
40119,3703464,82701,2130383,2518771,1774,40000,2,"Payne, OK"
40121,1863774,43476,896470,1074867,3381,40000,2,"Pittsburg, OK"
40123,2035904,38032,1122328,1445984,1866,40000,2,"Pontotoc, OK"
40125,3457381,73351,1902242,1696588,2040,40000,2,"Pottawatomie, OK"
40127,424617,10709,178520,166554,3614,40000,2,"Pushmataha, OK"
40129,165170,3337,75548,72464,2956,40000,2,"Roger Mills, OK"
40131,5225209,99060,3169056,2271782,1750,40000,2,"Rogers, OK"
40133,1000713,23464,481282,490560,1639,40000,2,"Seminole, OK"
40135,1703414,39801,826646,555625,1745,40000,2,"Sequoyah, OK"
40137,2207305,43616,1066016,1146237,2254,40000,2,"Stephens, OK"
40139,1193925,20505,908975,934049,5287,40000,2,"Texas, OK"
40141,291257,6971,155155,126838,2256,40000,2,"Tillman, OK"
40143,51046731,677061,33340409,42027303,1477,40000,2,"Tulsa, OK"
40145,4242670,86697,2718200,845535,1455,40000,2,"Wagoner, OK"
40147,5864619,53238,4573005,4815941,1076,40000,2,"Washington, OK"
40149,448768,10736,239928,175096,2598,40000,2,"Washita, OK"
40151,432122,8602,223066,269405,3332,40000,2,"Woods, OK"
40153,829981,20015,426096,542816,3219,40000,2,"Woodward, OK"
41000,271773249,4239379,160633929,191251692,248628,00000,1,Oregon
41001,855587,16937,391232,430839,7946,41000,2,"Baker, OR"
41003,5493764,97661,3186450,3701737,1749,41000,2,"Benton, OR"
41005,32082090,423118,20258501,17754702,4845,41000,2,"Clackamas, OR"
41007,2346246,41652,1193127,1506543,2145,41000,2,"Clatsop, OR"
41009,2987463,53607,1791155,982506,1706,41000,2,"Columbia, OR"
41011,3598306,64923,1690585,1953503,4134,41000,2,"Coos, OR"
41013,1428525,26377,704961,839794,7715,41000,2,"Crook, OR"
41015,1244515,23613,469280,518148,4217,41000,2,"Curry, OR"
41017,15686986,206483,8540063,9521936,7816,41000,2,"Deschutes, OR"
41019,5629625,112290,2602026,2993603,13042,41000,2,"Douglas, OR"
41021,148476,2008,99460,118463,3120,41000,2,"Gilliam, OR"
41023,378082,7225,182020,207323,11727,41000,2,"Grant, OR"
41025,392628,7532,210922,238653,26248,41000,2,"Harney, OR"
41027,1608050,24035,898814,1034495,1352,41000,2,"Hood River, OR"
41029,12983070,221669,6710689,7768703,7209,41000,2,"Jackson, OR"
41031,1111771,25324,520709,567602,4615,41000,2,"Jefferson, OR"
41033,4527082,87800,2053140,2296123,4244,41000,2,"Josephine, OR"
41035,3415103,70190,1699832,1890625,15410,41000,2,"Klamath, OR"
41037,401532,8373,197825,226711,21079,41000,2,"Lake, OR"
41039,22122545,382181,12038349,13846399,11795,41000,2,"Lane, OR"
41041,2827362,50752,1292873,1489845,2541,41000,2,"Lincoln, OR"
41043,7069641,130622,3909230,4021266,5929,41000,2,"Linn, OR"
41045,1270733,31858,606494,951197,25609,41000,2,"Malheur, OR"
41047,19229202,346719,11035366,14794371,3059,41000,2,"Marion, OR"
41049,729969,12292,495001,757181,5259,41000,2,"Morrow, OR"
41051,57089807,794563,36144085,54126753,1117,41000,2,"Multnomah, OR"
41053,4638373,89593,2671319,1674887,1919,41000,2,"Polk, OR"
41055,133377,1947,84123,119888,2133,41000,2,"Sherman, OR"
41057,1602695,27521,714929,818225,2855,41000,2,"Tillamook, OR"
41059,4054449,80261,2371843,2553754,8328,41000,2,"Umatilla, OR"
41061,1316306,26165,678271,781008,5276,41000,2,"Union, OR"
41063,433537,7650,207040,235864,8148,41000,2,"Wallowa, OR"
41065,1426626,26555,758757,882928,6167,41000,2,"Wasco, OR"
41067,45084175,600086,30499800,36526942,1876,41000,2,"Washington, OR"
41069,64868,1435,28199,26239,4444,41000,2,"Wheeler, OR"
41071,6360683,108362,3697459,3092936,1854,41000,2,"Yamhill, OR"
42000,848382623,12972091,515246107,567852090,115882,00000,1,Pennsylvania
42001,5987331,105959,3608056,2669111,1343,42000,2,"Adams, PA"
42003,87960594,1232605,55885900,74154607,1891,42000,2,"Allegheny, PA"
42005,3674606,64704,2224573,1664381,1692,42000,2,"Armstrong, PA"
42007,9144395,165737,5331253,4330443,1126,42000,2,"Beaver, PA"
42009,2383519,47421,1353464,1249617,2622,42000,2,"Bedford, PA"
42011,25327397,431573,15662209,15324768,2218,42000,2,"Berks, PA"
42013,6648882,120734,3664405,4481672,1360,42000,2,"Blair, PA"
42015,2936034,59854,1553683,1876001,2972,42000,2,"Bradford, PA"
42017,56623669,645557,36389096,26723590,1565,42000,2,"Bucks, PA"
42019,13571358,197368,8762781,8084667,2045,42000,2,"Butler, PA"
42021,6311010,131429,3164780,3279643,1781,42000,2,"Cambria, PA"
42023,226869,4406,106421,122176,1026,42000,2,"Cameron, PA"
42025,3833608,65493,2343179,1577584,988,42000,2,"Carbon, PA"
42027,8625923,157533,5343313,7033371,2872,42000,2,"Centre, PA"
42029,55580436,546638,36368177,33628490,1944,42000,2,"Chester, PA"
42031,1775165,37227,909679,916486,1556,42000,2,"Clarion, PA"
42033,4276492,77824,2615362,2428275,2966,42000,2,"Clearfield, PA"
42035,1751524,37776,995558,956648,2300,42000,2,"Clinton, PA"
42037,3264681,65289,1894916,1809461,1252,42000,2,"Columbia, PA"
42039,4015910,82405,2122574,2254357,2622,42000,2,"Crawford, PA"
42041,17638970,268532,11246030,13382474,1413,42000,2,"Cumberland, PA"
42043,16770414,288687,10362243,17498685,1359,42000,2,"Dauphin, PA"
42045,45453410,575873,28154457,24419586,476,42000,2,"Delaware, PA"
42047,1552137,30467,857706,953060,2142,42000,2,"Elk, PA"
42049,13859674,268840,7602660,8858461,2069,42000,2,"Erie, PA"
42051,6180914,125368,3236902,2715014,2048,42000,2,"Fayette, PA"
42053,187771,6603,53268,164371,1107,42000,2,"Forest, PA"
42055,8806765,156951,5411264,4799639,2000,42000,2,"Franklin, PA"
42057,697349,14554,400947,412624,1133,42000,2,"Fulton, PA"
42059,1748535,34529,903242,1100354,1492,42000,2,"Greene, PA"
42061,1967583,43297,1080723,972708,2265,42000,2,"Huntingdon, PA"
42063,3813493,83064,2048801,2289365,2143,42000,2,"Indiana, PA"
42065,2122276,43731,1133264,1083737,1690,42000,2,"Jefferson, PA"
42067,1398917,23281,926731,705594,1014,42000,2,"Juniata, PA"
42069,11753808,215750,6765079,7457948,1189,42000,2,"Lackawanna, PA"
42071,35823923,556660,23068699,24479274,2445,42000,2,"Lancaster, PA"
42073,4331528,84812,2380352,2090799,926,42000,2,"Lawrence, PA"
42075,8195824,143902,4967948,4395627,937,42000,2,"Lebanon, PA"
42077,23530665,376274,14665150,18889921,894,42000,2,"Lehigh, PA"
42079,16636505,326496,9450424,11034050,2304,42000,2,"Luzerne, PA"
42081,5757942,113034,3235674,3850330,3183,42000,2,"Lycoming, PA"
42083,1950590,39819,1017956,1047527,2537,42000,2,"McKean, PA"
42085,5307287,109137,2798836,3333806,1742,42000,2,"Mercer, PA"
42087,2178873,45984,1255262,1315037,1065,42000,2,"Mifflin, PA"
42089,8703570,167451,5260081,4459899,1576,42000,2,"Monroe, PA"
42091,82383972,865044,49890091,61333174,1251,42000,2,"Montgomery, PA"
42093,1211358,18054,777492,1773877,337,42000,2,"Montour, PA"
42095,20406198,317900,12665365,10579945,958,42000,2,"Northampton, PA"
42097,4370920,90123,2409465,2004245,1185,42000,2,"Northumberland, PA"
42099,2528910,46113,1597572,760782,1428,42000,2,"Perry, PA"
42101,92103548,1566836,53364869,83341279,348,42000,2,"Philadelphia, PA"
42103,3394724,60576,1955194,891944,1411,42000,2,"Pike, PA"
42105,752067,16206,378619,422194,2800,42000,2,"Potter, PA"
42107,7138393,143188,3988430,3815993,2017,42000,2,"Schuylkill, PA"
42109,2105072,39506,1218823,1180317,852,42000,2,"Snyder, PA"
42111,3427232,72629,1793491,1721001,2784,42000,2,"Somerset, PA"
42113,330135,5845,140335,113397,1165,42000,2,"Sullivan, PA"
42115,2264943,38139,1126607,826546,2133,42000,2,"Susquehanna, PA"
42117,1916967,40967,1007324,1007823,2937,42000,2,"Tioga, PA"
42119,2181417,42690,1314378,1519057,818,42000,2,"Union, PA"
42121,2447821,49734,1148385,1210395,1746,42000,2,"Venango, PA"
42123,1866925,37818,925192,1027195,2290,42000,2,"Warren, PA"
42125,14960201,209940,9537017,10086428,2220,42000,2,"Washington, PA"
42127,2777509,51084,1395849,1266391,1880,42000,2,"Wayne, PA"
42129,21219278,351998,12471585,10578718,2662,42000,2,"Westmoreland, PA"
42131,1425347,26024,774390,784533,1029,42000,2,"Wyoming, PA"
42133,26881560,461049,16782556,15331618,2342,42000,2,"York, PA"
44000,70450412,1093842,43718105,46226637,2678,00000,1,Rhode Island
44001,4412976,50307,2769057,1382440,63,44000,2,"Bristol, RI"
44003,11657553,171134,7492233,6574881,437,44000,2,"Kent, RI"
44005,7171641,84721,4128421,5010529,265,44000,2,"Newport, RI"
44007,36933192,657424,23170786,27732420,1061,44000,2,"Providence, RI"
44009,10275050,130256,6157608,5526367,853,44000,2,"Washington, RI"
45000,287548265,5282955,161912426,177551001,77866,00000,1,South Carolina
45001,1003038,24338,519008,411979,1272,45000,2,"Abbeville, SC"
45003,9056643,174228,5104974,5329089,2773,45000,2,"Aiken, SC"
45005,323060,7418,141464,187820,1057,45000,2,"Allendale, SC"
45007,10104332,209652,5906469,5180373,1849,45000,2,"Anderson, SC"
45009,544327,12950,249490,240685,1019,45000,2,"Bamberg, SC"
45011,828306,20471,418001,310603,1420,45000,2,"Barnwell, SC"
45013,14768805,196147,5846909,6564936,1492,45000,2,"Beaufort, SC"
45015,12595121,244952,7883525,5728430,2858,45000,2,"Berkeley, SC"
45017,709639,14197,402450,396745,987,45000,2,"Calhoun, SC"
45019,32787874,419350,17978882,26237907,2378,45000,2,"Charleston, SC"
45021,2273334,56121,1229368,1287548,1018,45000,2,"Cherokee, SC"
45023,1387462,31993,727653,745374,1504,45000,2,"Chester, SC"
45025,1716373,43741,920638,1013658,2069,45000,2,"Chesterfield, SC"
45027,1426792,30927,691186,473453,1573,45000,2,"Clarendon, SC"
45029,1684287,38580,783109,697476,2736,45000,2,"Colleton, SC"
45031,3004048,62436,1670463,1702317,1452,45000,2,"Darlington, SC"
45033,1087551,27747,535306,543575,1049,45000,2,"Dillon, SC"
45035,8230218,166050,4858154,3001580,1473,45000,2,"Dorchester, SC"
45037,1316684,26959,768394,495688,1297,45000,2,"Edgefield, SC"
45039,1018788,20450,520202,508257,1778,45000,2,"Fairfield, SC"
45041,7149044,136740,4069581,5269779,2073,45000,2,"Florence, SC"
45043,3835045,64669,1704828,2016702,2107,45000,2,"Georgetown, SC"
45045,31686086,547845,19309074,24800845,2036,45000,2,"Greenville, SC"
45047,3071869,69223,1581062,2045904,1180,45000,2,"Greenwood, SC"
45049,758252,18136,369214,315210,1450,45000,2,"Hampton, SC"
45051,18566245,383147,8854292,10105213,2935,45000,2,"Horry, SC"
45053,1441764,31986,682784,788160,1697,45000,2,"Jasper, SC"
45055,3636638,67850,2125816,1365603,1882,45000,2,"Kershaw, SC"
45057,5807432,104724,3577043,2481986,1422,45000,2,"Lancaster, SC"
45059,2889972,67951,1471824,1493840,1846,45000,2,"Laurens, SC"
45061,694057,16161,348106,277639,1062,45000,2,"Lee, SC"
45063,17464540,305105,10955858,9964669,1810,45000,2,"Lexington, SC"
45065,458667,9741,151799,127724,929,45000,2,"McCormick, SC"
45067,1188907,28471,579556,438270,1267,45000,2,"Marion, SC"
45069,991671,26006,499941,489916,1243,45000,2,"Marlboro, SC"
45071,1838926,38315,1034492,1043050,1632,45000,2,"Newberry, SC"
45073,4404853,80160,2189424,2071157,1623,45000,2,"Oconee, SC"
45075,3539307,83101,1776969,1924661,2865,45000,2,"Orangeburg, SC"
45077,6291602,133470,3447697,2841241,1287,45000,2,"Pickens, SC"
45079,22699092,421526,13859515,20273368,1961,45000,2,"Richland, SC"
45081,848255,18984,505983,331126,1173,45000,2,"Saluda, SC"
45083,17767615,345948,10209546,12539780,2094,45000,2,"Spartanburg, SC"
45085,4934606,103936,2686539,3367868,1723,45000,2,"Sumter, SC"
45087,1047310,26739,502217,504080,1330,45000,2,"Union, SC"
45089,1184501,30113,579647,504550,2419,45000,2,"Williamsburg, SC"
45091,17485327,294201,11683974,9111167,1764,45000,2,"York, SC"
46000,63440062,909869,37779285,42314073,196346,00000,1,South Dakota
46003,168405,2762,113950,100501,1835,46000,2,"Aurora, SD"
46005,1153779,19488,722166,790459,3260,46000,2,"Beadle, SD"
46007,168589,3333,97513,93271,3068,46000,2,"Bennett, SD"
46009,408867,7064,261696,235643,1460,46000,2,"Bon Homme, SD"
46011,2102738,35491,1290587,1570222,2052,46000,2,"Brookings, SD"
46013,2803776,37901,1748370,1988981,4437,46000,2,"Brown, SD"
46015,383026,5301,208594,222789,2117,46000,2,"Brule, SD"
46017,69912,1854,32991,47404,1221,46000,2,"Buffalo, SD"
46019,517343,10790,271778,231219,5827,46000,2,"Butte, SD"
46021,115113,1355,78607,78983,1900,46000,2,"Campbell, SD"
46023,509636,9232,296402,338731,2842,46000,2,"Charles Mix, SD"
46025,349870,3923,203810,195129,2480,46000,2,"Clark, SD"
46027,745468,15301,449476,490457,1067,46000,2,"Clay, SD"
46029,1849386,28736,1033226,1233914,1781,46000,2,"Codington, SD"
46031,161868,3817,88301,86480,6396,46000,2,"Corson, SD"
46033,576737,9021,256791,192114,4032,46000,2,"Custer, SD"
46035,1311677,19907,755824,994840,1128,46000,2,"Davison, SD"
46037,402382,5475,231125,239660,2664,46000,2,"Day, SD"
46039,308101,4361,186156,188543,1613,46000,2,"Deuel, SD"
46041,285262,5142,160916,192048,5963,46000,2,"Dewey, SD"
46043,216033,2787,144635,146420,1118,46000,2,"Douglas, SD"
46045,414308,4071,251252,237734,2916,46000,2,"Edmunds, SD"
46047,406454,7397,169139,215273,4506,46000,2,"Fall River, SD"
46049,213943,2122,135424,137742,2543,46000,2,"Faulk, SD"
46051,531092,7486,331393,386409,1765,46000,2,"Grant, SD"
46053,245523,3999,135469,140189,2629,46000,2,"Gregory, SD"
46055,142936,1834,94935,104781,4689,46000,2,"Haakon, SD"
46057,420107,6394,253630,243443,1313,46000,2,"Hamlin, SD"
46059,276109,3112,190183,191908,3721,46000,2,"Hand, SD"
46061,289229,3479,171626,125311,1126,46000,2,"Hanson, SD"
46063,69645,1339,44918,49573,6919,46000,2,"Harding, SD"
46065,1136630,17681,706461,868153,1921,46000,2,"Hughes, SD"
46067,557728,7351,361243,355502,2106,46000,2,"Hutchinson, SD"
46069,98976,1199,63909,72509,2229,46000,2,"Hyde, SD"
46071,128123,2832,70908,70859,4827,46000,2,"Jackson, SD"
46073,136650,1662,76765,142173,1363,46000,2,"Jerauld, SD"
46075,67707,875,48052,49508,2511,46000,2,"Jones, SD"
46077,400863,5279,258144,237350,2155,46000,2,"Kingsbury, SD"
46079,922711,10940,594852,608055,1458,46000,2,"Lake, SD"
46081,1939743,27240,930686,936061,2072,46000,2,"Lawrence, SD"
46083,5993575,71024,3869644,2921396,1495,46000,2,"Lincoln, SD"
46085,221270,3705,141862,139672,4253,46000,2,"Lyman, SD"
46087,427991,5768,299430,235449,1487,46000,2,"McCook, SD"
46089,196746,2396,111675,112396,2944,46000,2,"McPherson, SD"
46091,341757,4363,222576,231635,2171,46000,2,"Marshall, SD"
46093,1678567,30702,1009679,767607,8990,46000,2,"Meade, SD"
46095,88067,1873,49189,36748,3386,46000,2,"Mellette, SD"
46097,178509,2285,122147,119895,1477,46000,2,"Miner, SD"
46099,14689506,203845,9349283,12426772,2090,46000,2,"Minnehaha, SD"
46101,419998,6382,278339,239854,1345,46000,2,"Moody, SD"
46102,496315,13508,214695,315293,5422,46000,2,"Oglala Lakota, SD*"
46103,8004872,114306,4072622,5154646,7192,46000,2,"Pennington, SD"
46105,154089,2809,83845,92810,7434,46000,2,"Perkins, SD"
46107,203048,2446,115276,121763,2230,46000,2,"Potter, SD"
46109,569277,10139,314275,333005,2852,46000,2,"Roberts, SD"
46111,159479,2403,108974,97661,1474,46000,2,"Sanborn, SD"
46115,581814,6228,334897,349970,3894,46000,2,"Spink, SD"
46117,234670,3017,152793,112123,3741,46000,2,"Stanley, SD"
46119,151337,1482,109416,113972,2607,46000,2,"Sully, SD"
46121,337308,9233,151469,198536,3596,46000,2,"Todd, SD"
46123,372189,5579,223001,231294,4176,46000,2,"Tripp, SD"
46125,694190,8888,499688,409195,1598,46000,2,"Turner, SD"
46127,2237494,17063,1269812,1342232,1193,46000,2,"Union, SD"
46129,339760,5286,168703,183189,1835,46000,2,"Walworth, SD"
46135,1579011,23412,939965,1159246,1350,46000,2,"Yankton, SD"
46137,82778,2394,44127,37373,5080,46000,2,"Ziebach, SD"
47000,417369321,7048976,268414964,303585460,106792,00000,1,Tennessee
47001,4231145,78929,2627299,4573033,873,47000,2,"Anderson, TN"
47003,2463625,51964,1578332,1467917,1227,47000,2,"Bedford, TN"
47005,670379,15994,321849,310721,1021,47000,2,"Benton, TN"
47007,521540,14824,293798,166241,1053,47000,2,"Bledsoe, TN"
47009,7733216,139810,4767096,4954258,1447,47000,2,"Blount, TN"
47011,5313006,110539,3242717,3387935,851,47000,2,"Bradley, TN"
47013,1709376,39564,898803,681486,1244,47000,2,"Campbell, TN"
47015,691417,14807,418809,223120,688,47000,2,"Cannon, TN"
47017,1206860,28418,623329,542240,1548,47000,2,"Carroll, TN"
47019,2308128,56485,1209189,863942,884,47000,2,"Carter, TN"
47021,2407179,41764,1663866,1022385,783,47000,2,"Cheatham, TN"
47023,721362,17558,430507,292046,740,47000,2,"Chester, TN"
47025,1383960,32357,730994,641231,1126,47000,2,"Claiborne, TN"
47027,316401,7656,171278,151329,613,47000,2,"Clay, TN"
47029,1497949,36849,749981,551613,1130,47000,2,"Cocke, TN"
47031,2850701,59779,1664118,2205261,1111,47000,2,"Coffee, TN"
47033,668749,13862,420549,364877,688,47000,2,"Crockett, TN"
47035,2890320,63482,1250763,1371905,1765,47000,2,"Cumberland, TN"
47037,61941151,707351,43958011,66873247,1305,47000,2,"Davidson, TN"
47039,567545,11549,312089,245173,865,47000,2,"Decatur, TN"
47041,1025887,21002,616509,510545,788,47000,2,"DeKalb, TN"
47043,2951748,55727,1915263,1523357,1269,47000,2,"Dickson, TN"
47045,1858665,36440,1134095,1292028,1327,47000,2,"Dyer, TN"
47047,3336151,43338,2305558,1131546,1825,47000,2,"Fayette, TN"
47049,808390,19335,386309,408857,1291,47000,2,"Fentress, TN"
47051,2106486,44119,1211532,991601,1436,47000,2,"Franklin, TN"
47053,2381206,50826,1425449,1119643,1561,47000,2,"Gibson, TN"
47055,1374330,30540,765287,743491,1582,47000,2,"Giles, TN"
47057,1055202,24185,601895,378011,727,47000,2,"Grainger, TN"
47059,3116931,71292,1537910,1754873,1611,47000,2,"Greene, TN"
47061,537232,13779,257574,182565,934,47000,2,"Grundy, TN"
47063,3121455,65167,1888577,2502272,417,47000,2,"Hamblen, TN"
47065,23315579,374602,14418393,19573614,1404,47000,2,"Hamilton, TN"
47067,221815,6846,96551,58929,576,47000,2,"Hancock, TN"
47069,894898,25511,440323,451918,1730,47000,2,"Hardeman, TN"
47071,1223508,27065,645478,645778,1496,47000,2,"Hardin, TN"
47073,2423441,57903,1288643,971281,1261,47000,2,"Hawkins, TN"
47075,678434,17518,359370,365877,1381,47000,2,"Haywood, TN"
47077,1284712,27907,778499,653003,1347,47000,2,"Henderson, TN"
47079,1733002,32382,1000277,1085773,1455,47000,2,"Henry, TN"
47081,1107457,25481,671889,425283,1586,47000,2,"Hickman, TN"
47083,324390,8247,157430,105808,519,47000,2,"Houston, TN"
47085,849831,19023,485857,509357,1375,47000,2,"Humphreys, TN"
47087,460010,12015,237428,126325,800,47000,2,"Jackson, TN"
47089,2590401,56660,1449480,1116424,712,47000,2,"Jefferson, TN"
47091,708928,18046,335326,323509,773,47000,2,"Johnson, TN"
47093,31523109,495380,20767528,24478636,1317,47000,2,"Knox, TN"
47095,196141,6500,84713,96629,429,47000,2,"Lake, TN"
47097,983362,24741,552046,538186,1222,47000,2,"Lauderdale, TN"
47099,1897344,45502,1087522,842016,1598,47000,2,"Lawrence, TN"
47101,541492,12912,324319,252397,731,47000,2,"Lewis, TN"
47103,1778557,36006,1063597,811177,1477,47000,2,"Lincoln, TN"
47105,3897556,58244,2217070,1772082,594,47000,2,"Loudon, TN"
47107,2404523,54695,1385710,1376626,1114,47000,2,"McMinn, TN"
47109,998839,25993,497125,397360,1458,47000,2,"McNairy, TN"
47111,1078670,26214,645449,417360,795,47000,2,"Macon, TN"
47113,5169444,99172,3051615,4690640,1443,47000,2,"Madison, TN"
47115,1438517,29050,823794,602764,1290,47000,2,"Marion, TN"
47117,1760967,35857,1156370,842987,972,47000,2,"Marshall, TN"
47119,5858789,107996,3823323,3502702,1588,47000,2,"Maury, TN"
47121,539344,13258,282586,195699,505,47000,2,"Meigs, TN"
47123,2027839,47680,1051138,1123115,1647,47000,2,"Monroe, TN"
47125,11746951,234899,7511375,5104007,1396,47000,2,"Montgomery, TN"
47127,327947,6716,199172,219181,335,47000,2,"Moore, TN"
47129,816573,21207,471006,234362,1352,47000,2,"Morgan, TN"
47131,1498898,30374,844133,894314,1411,47000,2,"Obion, TN"
47133,933597,22993,526312,414670,1123,47000,2,"Overton, TN"
47135,311278,8705,150045,128084,1074,47000,2,"Perry, TN"
47137,212469,5103,99779,85535,422,47000,2,"Pickett, TN"
47139,742200,17778,425625,204557,1126,47000,2,"Polk, TN"
47141,4035899,82470,2367715,3048351,1039,47000,2,"Putnam, TN"
47143,1475273,33689,816665,994429,817,47000,2,"Rhea, TN"
47145,2804370,55129,1606761,2032273,934,47000,2,"Roane, TN"
47147,4069785,75398,2767597,2005012,1234,47000,2,"Robertson, TN"
47149,18799609,360682,13506051,13065679,1604,47000,2,"Rutherford, TN"
47151,825626,21999,395335,370601,1379,47000,2,"Scott, TN"
47153,770267,16918,432227,241176,689,47000,2,"Sequatchie, TN"
47155,5400301,98806,3433467,4002724,1535,47000,2,"Sevier, TN"
47157,54136314,916357,34632364,47385904,1970,47000,2,"Shelby, TN"
47159,981637,20470,603807,436921,814,47000,2,"Smith, TN"
47161,679466,13994,373362,278812,1191,47000,2,"Stewart, TN"
47163,8304903,160862,4787884,6144739,1071,47000,2,"Sullivan, TN"
47165,13221545,203721,9133972,6296239,1371,47000,2,"Sumner, TN"
47167,3093492,61650,2036497,985103,1180,47000,2,"Tipton, TN"
47169,462078,12077,302671,185769,296,47000,2,"Trousdale, TN"
47171,765886,17591,385494,401275,482,47000,2,"Unicoi, TN"
47173,846429,20473,492755,252184,579,47000,2,"Union, TN"
47175,225964,6430,109091,77300,708,47000,2,"Van Buren, TN"
47177,1793537,42001,986955,1040644,1121,47000,2,"Warren, TN"
47179,7209637,136147,4357505,5185166,846,47000,2,"Washington, TN"
47181,594940,16266,312936,307541,1901,47000,2,"Wayne, TN"
47183,1511375,33043,882866,862699,1503,47000,2,"Weakley, TN"
47185,1165072,28000,616995,578020,976,47000,2,"White, TN"
47187,31659924,260738,23002371,22925175,1510,47000,2,"Williamson, TN"
47189,10267488,158593,7285990,5415010,1479,47000,2,"Wilson, TN"
48000,1891498618,30029848,1226322937,1368201707,676681,00000,1,Texas
48001,2546893,57227,1460729,1606861,2752,48000,2,"Anderson, TX"
48003,997061,18324,715078,760073,3887,48000,2,"Andrews, TX"
48005,4203376,87124,2051690,2430536,2066,48000,2,"Angelina, TX"
48007,1574319,24963,716150,501639,653,48000,2,"Aransas, TX"
48009,571560,8849,370088,197422,2340,48000,2,"Archer, TX"
48011,124737,1857,76161,56052,2355,48000,2,"Armstrong, TX"
48013,2356409,50736,1339887,1163813,3159,48000,2,"Atascosa, TX"
48015,1900494,31070,1023961,1073301,1674,48000,2,"Austin, TX"
48017,353711,6803,233180,222959,2142,48000,2,"Bailey, TX"
48019,1294816,22120,625510,277044,2049,48000,2,"Bandera, TX"
48021,4766740,106395,3027919,1849381,2301,48000,2,"Bastrop, TX"
48023,225547,3462,132754,144697,2247,48000,2,"Baylor, TX"
48025,1076187,30992,481617,492853,2280,48000,2,"Bee, TX"
48027,19039248,387454,11589104,14341288,2729,48000,2,"Bell, TX"
48029,112604909,2060191,69401391,87266825,3212,48000,2,"Bexar, TX"
48031,918526,12411,411418,348570,1837,48000,2,"Blanco, TX"
48033,90337,580,63386,61023,2324,48000,2,"Borden, TX"
48035,1003084,18707,489797,303374,2546,48000,2,"Bosque, TX"
48037,4425091,91712,2306366,2909947,2292,48000,2,"Bowie, TX"
48039,21894418,388234,15152346,10897965,3531,48000,2,"Brazoria, TX"
48041,11477092,241931,7192890,8473289,1518,48000,2,"Brazos, TX"
48043,508186,9344,241973,299656,16016,48000,2,"Brewster, TX"
48045,106950,1439,73108,65672,2331,48000,2,"Briscoe, TX"
48047,290466,6902,119534,183087,2443,48000,2,"Brooks, TX"
48049,1800467,38443,866167,1000250,2446,48000,2,"Brown, TX"
48051,1079603,18690,581394,376950,1707,48000,2,"Burleson, TX"
48053,3326950,52567,1576900,1502616,2577,48000,2,"Burnet, TX"
48055,2034160,47849,1183235,780031,1410,48000,2,"Caldwell, TX"
48057,1124391,19682,676435,1400761,1313,48000,2,"Calhoun, TX"
48059,730794,14247,396315,221806,2329,48000,2,"Callahan, TX"
48061,15693668,424911,8309572,9389687,2310,48000,2,"Cameron, TX"
48063,623151,12721,341040,290485,507,48000,2,"Camp, TX"
48065,321769,5816,213557,662518,2383,48000,2,"Carson, TX"
48067,1332097,28538,629263,547156,2427,48000,2,"Cass, TX"
48069,695056,7287,540630,510642,2317,48000,2,"Castro, TX"
48071,3117686,51309,2251122,1864219,1546,48000,2,"Chambers, TX"
48073,2277612,51432,1150369,978018,2727,48000,2,"Cherokee, TX"
48075,321413,6841,199923,237698,1804,48000,2,"Childress, TX"
48077,559136,10499,320056,133940,2820,48000,2,"Clay, TX"
48079,165930,2522,115274,119073,2007,48000,2,"Cochran, TX"
48081,173889,3322,84250,78437,2361,48000,2,"Coke, TX"
48083,458017,7822,186646,166220,3271,48000,2,"Coleman, TX"
48085,95165736,1158995,70179412,60896627,2179,48000,2,"Collin, TX"
48087,141826,2585,76186,70311,2379,48000,2,"Collingsworth, TX"
48089,1230526,20832,592855,566561,2487,48000,2,"Colorado, TX"
48091,13257741,184749,8136246,5744430,1449,48000,2,"Comal, TX"
48093,750105,13921,402329,347372,2429,48000,2,"Comanche, TX"
48095,144747,3367,76210,96267,2548,48000,2,"Concho, TX"
48097,2555602,43048,1510780,1324033,2266,48000,2,"Cooke, TX"
48099,3152919,84205,1735592,1148842,2725,48000,2,"Coryell, TX"
48101,129363,1317,84082,86533,2332,48000,2,"Cottle, TX"
48103,246078,4551,176836,130334,2033,48000,2,"Crane, TX"
48105,178296,2960,95400,107653,7271,48000,2,"Crockett, TX"
48107,279192,4992,147841,134008,2332,48000,2,"Crosby, TX"
48109,182432,2163,134580,149401,9873,48000,2,"Culberson, TX"
48111,506685,7235,382849,456399,3893,48000,2,"Dallam, TX"
48113,199451985,2601993,129618271,226629879,2261,48000,2,"Dallas, TX"
48115,686107,12176,410760,451016,2332,48000,2,"Dawson, TX"
48117,1226181,18399,884690,970688,3877,48000,2,"Deaf Smith, TX"
48119,253865,5413,145617,76394,665,48000,2,"Delta, TX"
48121,71901322,977760,53450138,27279110,2275,48000,2,"Denton, TX"
48123,1479075,19754,481756,548535,2354,48000,2,"DeWitt, TX"
48125,92317,1736,43288,41719,2335,48000,2,"Dickens, TX"
48127,435231,8360,184325,500346,3442,48000,2,"Dimmit, TX"
48129,158416,3289,78027,62888,2401,48000,2,"Donley, TX"
48131,475833,9706,208061,206493,4645,48000,2,"Duval, TX"
48133,959325,17893,377302,476036,2400,48000,2,"Eastland, TX"
48135,8911139,161057,6322807,7260166,2325,48000,2,"Ector, TX"
48137,100814,1428,43183,44730,5485,48000,2,"Edwards, TX"
48139,11561915,212323,7995608,4516828,2424,48000,2,"Ellis, TX"
48141,38238355,867239,22779034,25675120,2624,48000,2,"El Paso, TX"
48143,2207354,43837,1237959,1310990,2805,48000,2,"Erath, TX"
48145,740672,16956,376570,277383,1983,48000,2,"Falls, TX"
48147,1723744,37075,965951,638550,2307,48000,2,"Fannin, TX"
48149,1701347,24934,744510,646540,2460,48000,2,"Fayette, TX"
48151,235319,3626,139348,106869,2328,48000,2,"Fisher, TX"
48153,272495,5239,152327,148228,2570,48000,2,"Floyd, TX"
48155,79260,1063,45108,42356,1824,48000,2,"Foard, TX"
48157,61115093,888919,43654271,21771805,2232,48000,2,"Fort Bend, TX"
48159,602322,10665,369328,360485,737,48000,2,"Franklin, TX"
48161,897880,20032,473492,372423,2273,48000,2,"Freestone, TX"
48163,697698,17716,352076,567683,2936,48000,2,"Frio, TX"
48165,1186768,22140,898649,924180,3891,48000,2,"Gaines, TX"
48167,21773685,357387,13604427,10014195,982,48000,2,"Galveston, TX"
48169,213206,4498,102764,124433,2314,48000,2,"Garza, TX"
48171,2381284,27501,872162,949628,2741,48000,2,"Gillespie, TX"
48173,150501,1139,66339,61633,2332,48000,2,"Glasscock, TX"
48175,419315,7120,197018,94908,2207,48000,2,"Goliad, TX"
48177,1289072,19816,685499,761610,2763,48000,2,"Gonzales, TX"
48179,1040822,20980,603605,689286,2398,48000,2,"Gray, TX"
48181,7602062,143198,4499473,3649792,2416,48000,2,"Grayson, TX"
48183,7193304,125559,3992824,6082076,708,48000,2,"Gregg, TX"
48185,1318494,31170,685889,625237,2040,48000,2,"Grimes, TX"
48187,10101484,182702,6403104,3889709,1842,48000,2,"Guadalupe, TX"
48189,1428082,31966,846530,924218,2602,48000,2,"Hale, TX"
48191,134063,2818,65963,70760,2288,48000,2,"Hall, TX"
48193,577297,8313,201104,202700,2165,48000,2,"Hamilton, TX"
48195,428429,5111,323482,335231,2382,48000,2,"Hansford, TX"
48197,211187,3525,111363,121347,1800,48000,2,"Hardeman, TX"
48199,3057035,57840,1871245,889602,2307,48000,2,"Hardin, TX"
48201,337772801,4781337,227892941,311065450,4421,48000,2,"Harris, TX"
48203,3350819,70038,1892188,1929345,2331,48000,2,"Harrison, TX"
48205,459962,5228,388480,401732,3786,48000,2,"Hartley, TX"
48207,288819,5376,157998,151843,2339,48000,2,"Haskell, TX"
48209,16234236,269103,11057302,7236512,1753,48000,2,"Hays, TX"
48211,250232,3225,124869,168945,2347,48000,2,"Hemphill, TX"
48213,4222560,84490,2154473,1341668,2263,48000,2,"Henderson, TX"
48215,29278472,888286,16231028,17808322,4069,48000,2,"Hidalgo, TX"
48217,1860563,37266,1051093,837487,2483,48000,2,"Hill, TX"
48219,1115204,21278,673199,864324,2353,48000,2,"Hockley, TX"
48221,4145150,66394,2220309,1408326,1090,48000,2,"Hood, TX"
48223,2032051,37793,1245120,1194431,1988,48000,2,"Hopkins, TX"
48225,1106360,21943,545908,619310,3188,48000,2,"Houston, TX"
48227,1943399,30732,979329,1078432,2333,48000,2,"Howard, TX"
48229,124239,3416,67562,126028,11838,48000,2,"Hudspeth, TX"
48231,5131222,108438,3208794,2422230,2177,48000,2,"Hunt, TX"
48233,1004042,20222,595451,743061,2298,48000,2,"Hutchinson, TX"
48235,120379,1534,70562,91646,2723,48000,2,"Irion, TX"
48237,442046,8764,257551,258409,2359,48000,2,"Jack, TX"
48239,777072,15183,422960,419426,2148,48000,2,"Jackson, TX"
48241,1635843,32495,828116,623791,2431,48000,2,"Jasper, TX"
48243,115580,1906,43803,47786,5865,48000,2,"Jeff Davis, TX"
48245,11991644,251601,6675950,10317760,2271,48000,2,"Jefferson, TX"
48247,198216,4774,93616,114404,2943,48000,2,"Jim Hogg, TX"
48249,1889690,38729,988956,990726,2241,48000,2,"Jim Wells, TX"
48251,10241936,195496,6832036,4384932,1877,48000,2,"Johnson, TX"
48253,844912,20271,490184,377275,2405,48000,2,"Jones, TX"
48255,1197775,14945,321757,508956,1937,48000,2,"Karnes, TX"
48257,8544532,172611,6173511,2969674,2022,48000,2,"Kaufman, TX"
48259,5036097,49019,2712780,1818210,1716,48000,2,"Kendall, TX"
48261,13133,354,7988,45901,3778,48000,2,"Kenedy, TX"
48263,50049,744,28437,32352,2337,48000,2,"Kent, TX"
48265,3437471,53784,1417143,1616781,2858,48000,2,"Kerr, TX"
48267,240966,4420,104417,95812,3240,48000,2,"Kimble, TX"
48269,30874,234,27308,27584,2359,48000,2,"King, TX"
48271,129376,3131,59500,75749,3524,48000,2,"Kinney, TX"
48273,1392297,30376,770274,850960,2283,48000,2,"Kleberg, TX"
48275,179798,3284,91618,99404,2203,48000,2,"Knox, TX"
48277,2533950,50515,1378204,1624990,2350,48000,2,"Lamar, TX"
48279,798819,12786,558353,553979,2632,48000,2,"Lamb, TX"
48281,1342240,22790,683399,386279,1845,48000,2,"Lampasas, TX"
48283,314186,6556,115304,309578,3851,48000,2,"La Salle, TX"
48285,1377959,20653,617364,489084,2512,48000,2,"Lavaca, TX"
48287,986914,17971,561890,538111,1629,48000,2,"Lee, TX"
48289,945875,16220,447616,498208,2779,48000,2,"Leon, TX"
48291,4248389,102462,2627654,1486982,3000,48000,2,"Liberty, TX"
48293,1049643,22164,491795,592996,2345,48000,2,"Limestone, TX"
48295,376207,2846,299289,330672,2414,48000,2,"Lipscomb, TX"
48297,550463,11541,239975,328256,2693,48000,2,"Live Oak, TX"
48299,1521541,22623,541460,431921,2419,48000,2,"Llano, TX"
48301,7679,44,4977,38936,1732,48000,2,"Loving, TX"
48303,16409420,317761,9890598,10865760,2320,48000,2,"Lubbock, TX"
48305,397349,5738,282030,233997,2310,48000,2,"Lynn, TX"
48307,371562,7468,151676,180572,2760,48000,2,"McCulloch, TX"
48309,13537270,266162,8176414,9698353,2685,48000,2,"McLennan, TX"
48311,64085,569,10416,48090,2952,48000,2,"McMullen, TX"
48313,581240,13641,296205,310623,1207,48000,2,"Madison, TX"
48315,473940,9550,201914,130467,987,48000,2,"Marion, TX"
48317,553595,5228,239666,223072,2370,48000,2,"Martin, TX"
48319,224518,3978,88565,87623,2406,48000,2,"Mason, TX"
48321,1804371,36122,986221,1042818,2831,48000,2,"Matagorda, TX"
48323,2206745,57628,1209725,1167743,3314,48000,2,"Maverick, TX"
48325,2677876,53657,1549293,791789,3433,48000,2,"Medina, TX"
48327,93764,1979,35581,29885,2336,48000,2,"Menard, TX"
48329,25028680,172019,18214132,21215376,2332,48000,2,"Midland, TX"
48331,1212652,25622,581613,432618,2632,48000,2,"Milam, TX"
48333,245031,4498,92231,90436,1938,48000,2,"Mills, TX"
48335,357743,8938,170144,166901,2360,48000,2,"Mitchell, TX"
48337,991310,21079,420901,327698,2411,48000,2,"Montague, TX"
48339,50196110,679554,33994063,23376741,2699,48000,2,"Montgomery, TX"
48341,1242739,21094,949882,1091001,2330,48000,2,"Moore, TX"
48343,586005,12052,281081,298860,653,48000,2,"Morris, TX"
48345,50515,1034,27663,30351,2563,48000,2,"Motley, TX"
48347,3129201,64994,1761129,1819524,2451,48000,2,"Nacogdoches, TX"
48349,2447919,54687,1320538,1143932,2615,48000,2,"Navarro, TX"
48351,515703,12041,266542,81296,2418,48000,2,"Newton, TX"
48353,768380,14460,421538,478264,2362,48000,2,"Nolan, TX"
48355,18902193,351590,11144915,13507703,2173,48000,2,"Nueces, TX"
48357,631578,9692,454121,506661,2377,48000,2,"Ochiltree, TX"
48359,135732,1761,102815,94861,3886,48000,2,"Oldham, TX"
48361,4178940,85048,2490974,1849966,865,48000,2,"Orange, TX"
48363,1519065,29322,778261,591352,2467,48000,2,"Palo Pinto, TX"
48365,1309125,22742,719921,729524,2101,48000,2,"Panola, TX"
48367,11453572,165938,7640438,3578651,2341,48000,2,"Parker, TX"
48369,696875,9649,554101,695735,2281,48000,2,"Parmer, TX"
48371,661083,14711,395061,427377,12338,48000,2,"Pecos, TX"
48373,2510385,53256,866486,883975,2738,48000,2,"Polk, TX"
48375,6444909,114911,3776254,6816246,2353,48000,2,"Potter, TX"
48377,359383,5954,204776,202489,9985,48000,2,"Presidio, TX"
48379,532720,12836,261482,153470,594,48000,2,"Rains, TX"
48381,8299719,146244,5542953,3054647,2364,48000,2,"Randall, TX"
48383,216983,3121,137188,177373,3044,48000,2,"Reagan, TX"
48385,161970,2832,49589,54508,1811,48000,2,"Real, TX"
48387,614701,11605,283857,193083,2704,48000,2,"Red River, TX"
48389,795618,11692,497583,673909,6826,48000,2,"Reeves, TX"
48391,377085,6638,192212,164474,1996,48000,2,"Refugio, TX"
48393,48230,812,29271,29030,2393,48000,2,"Roberts, TX"
48395,952678,17130,518341,468184,2215,48000,2,"Robertson, TX"
48397,8944559,123342,6325275,3137077,329,48000,2,"Rockwall, TX"
48399,548954,9884,302459,256933,2722,48000,2,"Runnels, TX"
48401,2380610,52524,1339308,1091410,2394,48000,2,"Rusk, TX"
48403,453803,10041,150966,174071,1274,48000,2,"Sabine, TX"
48405,444394,7860,194353,188711,1374,48000,2,"San Augustine, TX"
48407,1258608,28340,674456,194274,1474,48000,2,"San Jacinto, TX"
48409,3523383,70087,2082059,1867750,1796,48000,2,"San Patricio, TX"
48411,258418,5880,97971,98289,2940,48000,2,"San Saba, TX"
48413,146645,2359,84774,67214,3395,48000,2,"Schleicher, TX"
48415,837289,16269,480841,609135,2345,48000,2,"Scurry, TX"
48417,380913,3212,258658,291840,2368,48000,2,"Shackelford, TX"
48419,1564430,24061,987785,1002204,2061,48000,2,"Shelby, TX"
48421,335921,2778,297920,279501,2390,48000,2,"Sherman, TX"
48423,15849515,241995,10128182,11780830,2387,48000,2,"Smith, TX"
48425,569661,9797,334451,379862,483,48000,2,"Somervell, TX"
48427,2077638,65653,1015271,889076,3168,48000,2,"Starr, TX"
48429,442981,9377,221899,237373,2322,48000,2,"Stephens, TX"
48431,93243,1426,46783,37213,2392,48000,2,"Sterling, TX"
48433,115625,1218,71698,81211,2373,48000,2,"Stonewall, TX"
48435,221745,3232,106695,122606,3766,48000,2,"Sutton, TX"
48437,549700,6959,416794,398989,2306,48000,2,"Swisher, TX"
48439,136815169,2155646,92860863,100348813,2241,48000,2,"Tarrant, TX"
48441,8038808,145147,4546671,5492777,2371,48000,2,"Taylor, TX"
48443,44102,688,23669,27749,6107,48000,2,"Terrell, TX"
48445,611632,11444,386307,380156,2302,48000,2,"Terry, TX"
48447,87074,1539,41960,40653,2363,48000,2,"Throckmorton, TX"
48449,1603412,31237,992376,1322651,1052,48000,2,"Titus, TX"
48451,7239825,118913,4050505,4491035,3942,48000,2,"Tom Green, TX"
48453,115407527,1327550,75777667,107773395,2575,48000,2,"Travis, TX"
48455,650979,13993,307591,162948,1797,48000,2,"Trinity, TX"
48457,857888,20411,410713,259693,2394,48000,2,"Tyler, TX"
48459,1878281,42454,1078354,592882,1510,48000,2,"Upshur, TX"
48461,250238,3146,168277,302110,3215,48000,2,"Upton, TX"
48463,1289591,24890,620287,685469,4019,48000,2,"Uvalde, TX"
48465,2258058,47617,1311240,1454984,8145,48000,2,"Val Verde, TX"
48467,2879062,62888,1666927,862307,2182,48000,2,"Van Zandt, TX"
48469,5088535,91074,2743074,2947127,2285,48000,2,"Victoria, TX"
48471,2687625,79678,1416518,1700906,2031,48000,2,"Walker, TX"
48473,3178088,61852,2148618,2008874,1329,48000,2,"Waller, TX"
48475,661365,10948,441904,495575,2164,48000,2,"Ward, TX"
48477,2531378,36368,1263361,1307539,1565,48000,2,"Washington, TX"
48479,10885149,267619,6359615,7235190,8706,48000,2,"Webb, TX"
48481,2188256,41740,1177436,1062207,2813,48000,2,"Wharton, TX"
48483,235990,4787,102150,125034,2369,48000,2,"Wheeler, TX"
48485,6847554,130220,3577481,4442086,1625,48000,2,"Wichita, TX"
48487,800191,12535,331892,390636,2515,48000,2,"Wilbarger, TX"
48489,695681,20254,306759,301789,1530,48000,2,"Willacy, TX"
48491,45716169,672273,33325623,21726579,2890,48000,2,"Williamson, TX"
48493,2973766,52754,1820508,688855,2082,48000,2,"Wilson, TX"
48495,490786,7300,323646,365461,2179,48000,2,"Winkler, TX"
48497,4156668,74897,2789036,1845513,2342,48000,2,"Wise, TX"
48499,2287801,46930,1049996,849083,1671,48000,2,"Wood, TX"
48501,445199,7484,316144,388198,2071,48000,2,"Yoakum, TX"
48503,1185541,18012,599857,671083,2369,48000,2,"Young, TX"
48505,452709,13838,223673,249317,2586,48000,2,"Zapata, TX"
48507,408189,9384,196860,185070,3360,48000,2,"Zavala, TX"
49000,205519377,3381236,131733976,148445176,213355,00000,1,Utah
49001,329080,7317,202492,234780,6690,49000,2,"Beaver, UT"
49003,2939795,61523,2003245,1902994,14881,49000,2,"Box Elder, UT"
49005,6853556,140145,4383154,4737239,3017,49000,2,"Cache, UT"
49007,962460,20540,518319,594539,3831,49000,2,"Carbon, UT"
49009,49950,1015,25060,25464,1805,49000,2,"Daggett, UT"
49011,21887424,369887,14842943,11893768,775,49000,2,"Davis, UT"
49013,967890,20142,580447,675960,8380,49000,2,"Duchesne, UT"
49015,412585,10093,232079,275110,11557,49000,2,"Emery, UT"
49017,273047,5258,154078,173287,13404,49000,2,"Garfield, UT"
49019,700881,9771,410375,495461,9512,49000,2,"Grand, UT"
49021,2523540,62508,1434897,1508868,8537,49000,2,"Iron, UT"
49023,645974,12586,453305,337505,8784,49000,2,"Juab, UT"
49025,421930,8203,223566,268139,10334,49000,2,"Kane, UT"
49027,657371,13343,422638,449113,17574,49000,2,"Millard, UT"
49029,866466,12837,623627,280403,1578,49000,2,"Morgan, UT"
49031,94589,1493,61532,55614,1964,49000,2,"Piute, UT"
49033,125256,2649,62944,68375,2665,49000,2,"Rich, UT"
49035,80481119,1186569,53067072,76979550,1922,49000,2,"Salt Lake, UT"
49037,526823,14406,276612,319986,20253,49000,2,"San Juan, UT"
49039,1278560,29691,770829,709002,4118,49000,2,"Sanpete, UT"
49041,981147,22043,548952,645587,4948,49000,2,"Sevier, UT"
49043,10380534,43045,4842540,3038203,4845,49000,2,"Summit, UT"
49045,3750735,79955,2733755,1392226,17980,49000,2,"Tooele, UT"
49047,1441262,37104,864694,1022494,11609,49000,2,"Uintah, UT"
49049,38180460,702692,25855709,24745821,5191,49000,2,"Utah, UT"
49051,3161895,36597,1805421,930683,3048,49000,2,"Wasatch, UT"
49053,10212743,197730,5071702,5720475,6287,49000,2,"Washington, UT"
49055,138900,2634,76500,80688,6374,49000,2,"Wayne, UT"
49057,14273405,269460,9185489,8883842,1493,49000,2,"Weber, UT"
50000,41171645,647110,23954447,26671845,23873,00000,1,Vermont
50001,2322799,37555,1392262,1385191,1984,50000,2,"Addison, VT"
50003,2299456,37343,1190537,1392310,1748,50000,2,"Bennington, VT"
50005,1570744,30587,845073,851798,1680,50000,2,"Caledonia, VT"
50007,12210936,169357,7752988,10029961,1392,50000,2,"Chittenden, VT"
50009,276688,5997,142772,84920,1716,50000,2,"Essex, VT"
50011,2837063,50719,1883435,1464149,1633,50000,2,"Franklin, VT"
50013,532227,7490,326631,122369,212,50000,2,"Grand Isle, VT"
50015,1674262,26103,941451,994535,1197,50000,2,"Lamoille, VT"
50017,1678229,29880,979066,669568,1780,50000,2,"Orange, VT"
50019,1471254,27562,748692,810060,1799,50000,2,"Orleans, VT"
50021,3568585,60353,1791102,2059374,2408,50000,2,"Rutland, VT"
50023,4205857,60115,2576082,3094144,1778,50000,2,"Washington, VT"
50025,2577132,45899,1332264,1647732,2034,50000,2,"Windham, VT"
50027,3946413,58150,2052092,2065734,2512,50000,2,"Windsor, VT"
51000,604996492,8679099,383077296,410189273,102258,00000,1,Virginia
51001,1822757,33223,930313,1161203,1164,51000,2,"Accomack, VA"
51007,726363,13368,441963,233675,920,51000,2,"Amelia, VA"
51009,1417056,31472,737805,528576,1228,51000,2,"Amherst, VA"
51011,768378,16703,413964,219522,866,51000,2,"Appomattox, VA"
51013,27404155,233678,19898706,30859433,67,51000,2,"Arlington, VA"
51017,297958,4061,133383,161959,1371,51000,2,"Bath, VA"
51019,4430429,80741,2471273,1363189,1969,51000,2,"Bedford, VA*"
51021,268846,6138,132423,148728,926,51000,2,"Bland, VA"
51023,2043681,34100,1210895,856172,1402,51000,2,"Botetourt, VA"
51025,666866,15831,299097,219004,1467,51000,2,"Brunswick, VA"
51027,881186,19383,381322,492414,1302,51000,2,"Buchanan, VA"
51029,676967,16988,337517,244106,1501,51000,2,"Buckingham, VA"
51033,1649501,31940,1019382,432355,1366,51000,2,"Caroline, VA"
51036,387775,6568,205110,145190,474,51000,2,"Charles City, VA"
51037,530584,11400,249663,217003,1231,51000,2,"Charlotte, VA"
51041,23812467,378290,15403215,12220742,1097,51000,2,"Chesterfield, VA"
51043,1180705,15331,711656,329059,456,51000,2,"Clarke, VA"
51045,232311,4858,124926,57223,850,51000,2,"Craig, VA"
51047,3095458,54290,1985164,1391136,982,51000,2,"Culpeper, VA"
51049,460295,9751,264301,119117,770,51000,2,"Cumberland, VA"
51051,576494,13733,228575,240444,856,51000,2,"Dickenson, VA"
51057,563780,10630,276666,223973,666,51000,2,"Essex, VA"
51061,6118464,74677,3926710,2272315,1678,51000,2,"Fauquier, VA"
51063,771398,15623,418942,229068,987,51000,2,"Floyd, VA"
51065,1509187,28117,895523,441242,744,51000,2,"Fluvanna, VA"
51067,2899417,55079,1506554,1095542,1789,51000,2,"Franklin, VA"
51071,819410,16432,446519,382867,925,51000,2,"Giles, VA"
51073,2270563,39550,1340768,667316,564,51000,2,"Gloucester, VA"
51075,3087075,26162,1629769,3011202,730,51000,2,"Goochland, VA"
51077,604163,15325,283874,182468,1144,51000,2,"Grayson, VA"
51079,1105238,21015,672936,290581,404,51000,2,"Greene, VA"
51083,1521665,33620,715005,795003,2118,51000,2,"Halifax, VA"
51085,8210731,112860,5463887,4905293,1211,51000,2,"Hanover, VA"
51087,24692499,334553,16197925,20185813,605,51000,2,"Henrico, VA"
51091,119791,2296,48068,46407,1075,51000,2,"Highland, VA"
51093,2581775,40135,1646698,869645,818,51000,2,"Isle of Wight, VA"
51097,376499,6714,219561,85794,816,51000,2,"King and Queen, VA"
51099,1750769,27918,1138701,1743444,465,51000,2,"King George, VA"
51101,1017043,18529,650545,314332,709,51000,2,"King William, VA"
51103,826672,10806,289301,365921,345,51000,2,"Lancaster, VA"
51105,867515,21847,353005,279739,1128,51000,2,"Lee, VA"
51107,41709039,432792,32006505,21007696,1336,51000,2,"Loudoun, VA"
51109,2053711,40030,1181210,913603,1282,51000,2,"Louisa, VA"
51111,473059,12002,215832,157772,1118,51000,2,"Lunenburg, VA"
51113,803253,14008,461583,264867,830,51000,2,"Madison, VA"
51115,577327,8450,280756,119676,223,51000,2,"Mathews, VA"
51117,1422492,30527,623133,742586,1620,51000,2,"Mecklenburg, VA"
51119,680300,10952,295714,233126,338,51000,2,"Middlesex, VA"
51125,937412,14747,420324,305766,1219,51000,2,"Nelson, VA"
51127,2879365,24952,2234639,448901,544,51000,2,"New Kent, VA"
51131,783939,11978,386111,307121,548,51000,2,"Northampton, VA"
51133,743431,12278,265050,178198,496,51000,2,"Northumberland, VA"
51135,704442,15555,329409,436511,814,51000,2,"Nottoway, VA"
51137,2276765,38055,1280777,720978,883,51000,2,"Orange, VA"
51139,1167778,23777,655316,453073,803,51000,2,"Page, VA"
51141,717218,17601,319566,254319,1251,51000,2,"Patrick, VA"
51145,2153278,31585,1405009,626308,674,51000,2,"Powhatan, VA"
51147,876831,21899,417738,578914,906,51000,2,"Prince Edward, VA"
51155,1637022,33683,901237,1083567,828,51000,2,"Pulaski, VA"
51157,624580,7453,325780,157115,690,51000,2,"Rappahannock, VA"
51159,392048,9126,195400,200908,496,51000,2,"Richmond, VA"
51167,1058891,25437,465919,448401,1226,51000,2,"Russell, VA"
51169,893851,21480,413232,309138,1388,51000,2,"Scott, VA"
51171,2499444,44936,1486073,1079142,1316,51000,2,"Shenandoah, VA"
51173,1332789,29408,663358,767988,1169,51000,2,"Smyth, VA"
51179,10470149,163169,7248260,4551364,697,51000,2,"Stafford, VA"
51181,348502,6527,201909,280951,722,51000,2,"Surry, VA"
51183,407351,10640,198747,237461,1270,51000,2,"Sussex, VA"
51185,1798362,39563,820164,893461,1344,51000,2,"Tazewell, VA"
51187,2326886,41404,1512439,994394,556,51000,2,"Warren, VA"
51193,958732,18765,458080,236676,594,51000,2,"Westmoreland, VA"
51197,1268790,28115,655073,766475,1196,51000,2,"Wythe, VA"
51510,16881547,155045,11586387,11288162,39,51000,2,"Alexandria (Independent City), VA"
51550,14854845,252459,9579060,8331690,877,51000,2,"Chesapeake (Independent City), VA"
51650,6772877,137858,3764147,5043758,133,51000,2,"Hampton (Independent City), VA"
51700,8819718,183980,5128616,9738580,179,51000,2,"Newport News (Independent City), VA"
51710,11188036,232558,5914651,15214616,138,51000,2,"Norfolk (Independent City), VA"
51740,4497144,96954,2396465,4888954,86,51000,2,"Portsmouth (Independent City), VA"
51760,16555011,228367,9617442,17929480,155,51000,2,"Richmond (Independent City), VA"
51770,5149660,97657,2653786,5378627,110,51000,2,"Roanoke (Independent City), VA"
51800,6063801,98426,3708835,3073361,1034,51000,2,"Suffolk (Independent City), VA"
51810,30833545,455069,18673081,16735262,634,51000,2,"Virginia Beach (Independent City), VA"
51901,15268638,160117,7688847,10399046,1893,51000,2,"Albemarle + Charlottesville, VA*"
51903,946739,20348,435485,522567,1171,51000,2,"Alleghany + Covington, VA*"
51907,6809559,126678,3969789,3912180,2596,51000,2,"Augusta, Staunton + Waynesboro, VA*"
51911,6201019,134293,3130611,5231728,1430,51000,2,"Campbell + Lynchburg, VA*"
51913,1629306,35820,761022,688980,1251,51000,2,"Carroll + Galax, VA*"
51918,3763164,79839,1813466,2219159,1383,51000,2,"Dinwiddie, Colonial Heights + Petersburg, VA*"
51919,121167220,1178550,82191992,102247677,1034,51000,2,"Fairfax, Fairfax City + Falls Church, VA*"
51921,7537747,122669,4861376,5292808,1094,51000,2,"Frederick + Winchester, VA*"
51923,670638,16737,331566,487327,783,51000,2,"Greensville + Emporia, VA*"
51929,3011434,63492,1414035,1578208,1018,51000,2,"Henry + Martinsville, VA*"
51931,7332189,97168,3892164,3132388,392,51000,2,"James City + Williamsburg, VA*"
51933,5331942,115545,3176354,4073572,1027,51000,2,"Montgomery + Radford, VA*"
51939,4667477,101841,2259216,2443161,2621,51000,2,"Pittsylvania + Danville, VA*"
51941,2671200,65811,1462732,2694787,714,51000,2,"Prince George + Hopewell, VA*"
51942,35372886,546378,25379681,16518907,901,51000,2,"Prince William, Manassas + Manassas Park, VA*"
51944,7301690,122456,4269869,4622012,687,51000,2,"Roanoke + Salem, VA*"
51945,1755108,36643,851453,935619,1568,51000,2,"Rockbridge, Buena Vista + Lexington, VA*"
51947,6992605,136564,4420982,5538067,2246,51000,2,"Rockingham + Harrisonburg, VA*"
51949,1325577,26173,693668,526969,1573,51000,2,"Southampton + Franklin, VA*"
51951,10811353,175476,7072062,4871110,1067,51000,2,"Spotsylvania + Fredericksburg, VA*"
51953,3428035,70795,1663184,1990912,1486,51000,2,"Washington + Bristol, VA*"
51955,1640234,38916,681158,920790,1064,51000,2,"Wise + Norton, VA*"
51958,5723625,83788,3608161,1934138,311,51000,2,"York + Poquoson, VA*"
53000,589077317,7784477,374358443,417294669,172118,00000,1,Washington
53001,1074439,20898,589670,686497,4986,53000,2,"Adams, WA"
53003,1222571,22536,631528,545990,1647,53000,2,"Asotin, WA"
53005,11543772,212829,7299045,8557870,4403,53000,2,"Benton, WA"
53007,5132524,80038,2887238,3612131,7566,53000,2,"Chelan, WA"
53009,4341488,77684,1869024,2030839,4503,53000,2,"Clallam, WA"
53011,33839146,516737,21654190,17553496,1628,53000,2,"Clark, WA"
53013,242635,4026,127398,175906,2250,53000,2,"Columbia, WA"
53015,6189851,112064,3643750,3838540,2956,53000,2,"Cowlitz, WA"
53017,2197500,44223,1266276,938285,4712,53000,2,"Douglas, WA"
53019,334566,7468,138274,137681,5706,53000,2,"Ferry, WA"
53021,4594104,98582,3001107,3086412,3216,53000,2,"Franklin, WA"
53023,140524,2357,79027,86328,1841,53000,2,"Garfield, WA"
53025,4990887,101580,2939223,3540800,6940,53000,2,"Grant, WA"
53027,3638804,77041,1800163,1892821,4925,53000,2,"Grays Harbor, WA"
53029,5652179,86682,2940147,2630188,540,53000,2,"Island, WA"
53031,2131973,33570,786556,851676,4672,53000,2,"Jefferson, WA"
53033,256697654,2265311,170394859,221744058,5478,53000,2,"King, WA"
53035,18999383,277813,11052431,9900547,1023,53000,2,"Kitsap, WA"
53037,2530369,45122,1389865,1360457,5950,53000,2,"Kittitas, WA"
53039,1275662,23303,581474,687300,4848,53000,2,"Klickitat, WA"
53041,4831342,85357,2886863,2744315,6223,53000,2,"Lewis, WA"
53043,597681,11613,311375,281859,5984,53000,2,"Lincoln, WA"
53045,3461524,68171,1803068,1233228,2485,53000,2,"Mason, WA"
53047,2172571,43460,1037069,1173798,13639,53000,2,"Okanogan, WA"
53049,1138011,24095,433148,504870,2418,53000,2,"Pacific, WA"
53051,701937,14138,332035,279610,3627,53000,2,"Pend Oreille, WA"
53053,56568077,926479,36354527,34802314,4320,53000,2,"Pierce, WA"
53055,1599207,18672,580366,619107,450,53000,2,"San Juan, WA"
53057,8265208,131322,4496278,4821788,4481,53000,2,"Skagit, WA"
53059,784293,12455,466797,202806,4295,53000,2,"Skamania, WA"
53061,58874668,840452,42239363,30952268,5404,53000,2,"Snohomish, WA"
53063,30459684,549740,17862583,21719414,4569,53000,2,"Spokane, WA"
53065,2258048,48283,1129772,922722,6416,53000,2,"Stevens, WA"
53067,18305298,298639,10882051,12052672,1871,53000,2,"Thurston, WA"
53069,237405,4688,118692,68553,681,53000,2,"Wahkiakum, WA"
53071,3393362,61853,1852464,2360865,3289,53000,2,"Walla Walla, WA"
53073,13644330,230598,7946609,8715701,5459,53000,2,"Whatcom, WA"
53075,2245931,47579,1416442,1854280,5592,53000,2,"Whitman, WA"
53077,12768709,257019,7137696,8126677,11123,53000,2,"Yakima, WA"
54000,88938904,1774035,47448266,51429832,62266,00000,1,West Virginia
54001,635485,15391,311496,263449,883,54000,2,"Barbour, WV"
54003,6698265,129379,4464639,2853242,832,54000,2,"Berkeley, WV"
54005,874198,20907,416924,334537,1299,54000,2,"Boone, WV"
54007,491859,12170,223799,218717,1323,54000,2,"Braxton, WV"
54009,1107390,21694,569534,516231,231,54000,2,"Brooke, WV"
54011,4716555,92485,2459959,3807713,728,54000,2,"Cabell, WV"
54013,252058,6069,110832,86402,723,54000,2,"Calhoun, WV"
54015,306940,7840,147494,73372,886,54000,2,"Clay, WV"
54017,303719,7712,144632,121504,828,54000,2,"Doddridge, WV"
54019,1766902,39388,837886,705861,1714,54000,2,"Fayette, WV"
54021,267822,7330,99636,127532,877,54000,2,"Gilmer, WV"
54023,523892,10938,252913,262942,1236,54000,2,"Grant, WV"
54025,1536304,32375,667813,790788,2641,54000,2,"Greenbrier, WV"
54027,1059843,23457,599648,280399,1659,54000,2,"Hampshire, WV"
54029,1452912,28254,780835,699664,214,54000,2,"Hancock, WV"
54031,645822,14168,374686,391937,1508,54000,2,"Hardy, WV"
54033,3881200,64752,2163488,3241905,1077,54000,2,"Harrison, WV"
54035,1277607,27667,704832,574971,1203,54000,2,"Jackson, WV"
54037,3720215,59001,2388332,1367033,542,54000,2,"Jefferson, WV"
54039,10176838,175864,5413389,8295586,2335,54000,2,"Kanawha, WV"
54041,738536,16674,352671,400220,1002,54000,2,"Lewis, WV"
54043,733111,19851,373640,147809,1132,54000,2,"Lincoln, WV"
54045,1398694,31206,619447,674152,1175,54000,2,"Logan, WV"
54047,610102,17806,212335,288039,1382,54000,2,"McDowell, WV"
54049,2788615,55784,1533857,1324453,800,54000,2,"Marion, WV"
54051,1488262,29667,706682,883449,791,54000,2,"Marshall, WV"
54053,1044284,24911,502292,409705,1116,54000,2,"Mason, WV"
54055,2654288,58612,1187258,1306234,1085,54000,2,"Mercer, WV"
54057,1284395,26902,700417,615159,849,54000,2,"Mineral, WV"
54059,827932,22445,313809,303534,1096,54000,2,"Mingo, WV"
54061,5937494,106978,3597369,5100184,933,54000,2,"Monongalia, WV"
54063,498239,12322,245867,158153,1224,54000,2,"Monroe, WV"
54065,761828,17435,379410,200368,593,54000,2,"Morgan, WV"
54067,988002,24309,428114,458805,1675,54000,2,"Nicholas, WV"
54069,2654856,41463,1261703,2009215,274,54000,2,"Ohio, WV"
54071,333213,6067,161151,131145,1803,54000,2,"Pendleton, WV"
54073,382915,7570,182115,212840,337,54000,2,"Pleasants, WV"
54075,400484,7797,161359,196369,2435,54000,2,"Pocahontas, WV"
54077,1448093,34222,792739,567367,1680,54000,2,"Preston, WV"
54079,3106579,57063,1977304,1878846,895,54000,2,"Putnam, WV"
54081,3572255,72801,1755790,2224342,1568,54000,2,"Raleigh, WV"
54083,1260201,27552,587884,683437,2693,54000,2,"Randolph, WV"
54085,453552,8230,202167,233528,1171,54000,2,"Ritchie, WV"
54087,545434,13833,254606,200989,1252,54000,2,"Roane, WV"
54089,511889,11702,211410,161793,934,54000,2,"Summers, WV"
54091,814700,16410,477883,250111,447,54000,2,"Taylor, WV"
54093,363779,6620,183278,176697,1085,54000,2,"Tucker, WV"
54095,491503,8090,167662,164033,664,54000,2,"Tyler, WV"
54097,996401,23705,497664,510250,919,54000,2,"Upshur, WV"
54099,1603907,37980,886460,731858,1311,54000,2,"Wayne, WV"
54101,267340,8141,88957,92260,1433,54000,2,"Webster, WV"
54103,652586,13994,250909,279818,927,54000,2,"Wetzel, WV"
54105,210203,5092,106313,46081,602,54000,2,"Wirt, WV"
54107,4683177,83388,2629046,3067891,949,54000,2,"Wood, WV"
54109,736229,20572,325931,326913,1294,54000,2,"Wyoming, WV"
55000,365165450,5890543,223462034,248385203,140292,00000,1,Wisconsin
55001,945486,21252,444293,307257,1672,55000,2,"Adams, WI"
55003,763599,16040,375318,560511,2706,55000,2,"Ashland, WI"
55005,2742783,46715,1382193,1599931,2235,55000,2,"Barron, WI"
55007,874698,16659,410277,290488,3828,55000,2,"Bayfield, WI"
55009,16788161,270068,10569940,13869906,1373,55000,2,"Brown, WI"
55011,754409,13390,447363,351834,1750,55000,2,"Buffalo, WI"
55013,833132,16988,378573,348008,2128,55000,2,"Burnett, WI"
55015,3137932,52712,2181024,1260818,824,55000,2,"Calumet, WI"
55017,3675733,66753,2247168,2093308,2612,55000,2,"Chippewa, WI"
55019,1747408,34732,1082067,1083104,3133,55000,2,"Clark, WI"
55021,3717174,58228,2430377,2038865,1983,55000,2,"Columbia, WI"
55023,798582,16015,430565,483790,1478,55000,2,"Crawford, WI"
55025,41944505,567758,27418934,34402481,3099,55000,2,"Dane, WI"
55027,4702402,88374,2974971,2944334,2268,55000,2,"Dodge, WI"
55029,2227334,30551,991675,991243,1248,55000,2,"Door, WI"
55031,2233618,44226,1231985,1356702,3378,55000,2,"Douglas, WI"
55033,2250460,45622,1364048,1397603,2202,55000,2,"Dunn, WI"
55035,6218632,106786,3652376,4861489,1652,55000,2,"Eau Claire, WI"
55037,289725,4706,157361,82259,1264,55000,2,"Florence, WI"
55039,6039583,103812,3770681,3988308,1864,55000,2,"Fond du Lac, WI"
55041,432418,9332,196179,216286,2627,55000,2,"Forest, WI"
55043,2670941,51315,1624624,1546294,2970,55000,2,"Grant, WI"
55045,2314115,36885,1430990,1269470,1513,55000,2,"Green, WI"
55047,986627,19208,517265,458011,905,55000,2,"Green Lake, WI"
55049,1407056,23958,891784,922873,1975,55000,2,"Iowa, WI"
55051,333029,6199,151017,112091,1964,55000,2,"Iron, WI"
55053,1062146,20893,599002,612800,2559,55000,2,"Jackson, WI"
55055,4775121,85725,3063145,2655766,1441,55000,2,"Jefferson, WI"
55057,1251957,26775,689168,677498,1987,55000,2,"Juneau, WI"
55059,9703601,167637,6301236,5878708,704,55000,2,"Kenosha, WI"
55061,1200814,20653,754401,537167,887,55000,2,"Kewaunee, WI"
55063,7146371,120252,4262581,5721717,1170,55000,2,"La Crosse, WI"
55065,893262,16906,577101,437460,1641,55000,2,"Lafayette, WI"
55067,1001962,19502,512192,524262,2255,55000,2,"Langlade, WI"
55069,1535670,28355,891492,811537,2276,55000,2,"Lincoln, WI"
55071,4471612,81198,2612066,2671031,1526,55000,2,"Manitowoc, WI"
55073,8322047,137955,5397163,6111202,4002,55000,2,"Marathon, WI"
55075,2177269,41966,1175837,1396469,3625,55000,2,"Marinette, WI"
55077,774955,15777,417576,279845,1180,55000,2,"Marquette, WI"
55078,174882,4206,78118,142600,926,55000,2,"Menominee, WI"
55079,52957639,918078,31334262,45158720,625,55000,2,"Milwaukee, WI"
55081,2339871,45894,1381630,1731162,2333,55000,2,"Monroe, WI"
55083,2126783,39696,1315761,700501,2583,55000,2,"Oconto, WI"
55085,2203676,38193,1083768,1305817,2885,55000,2,"Oneida, WI"
55087,11880938,192269,7783041,9345808,1651,55000,2,"Outagamie, WI"
55089,9165313,93021,5302939,3682026,604,55000,2,"Ozaukee, WI"
55091,456933,7378,258720,212245,601,55000,2,"Pepin, WI"
55093,2486324,42552,1597465,902900,1487,55000,2,"Pierce, WI"
55095,2506820,45546,1470470,1211985,2368,55000,2,"Polk, WI"
55097,3888368,70634,2372683,2817585,2074,55000,2,"Portage, WI"
55099,740941,14159,351548,406819,3248,55000,2,"Price, WI"
55101,11698351,195961,6821130,6268471,862,55000,2,"Racine, WI"
55103,890274,17128,503179,433034,1518,55000,2,"Richland, WI"
55105,8819033,163841,5261648,5503682,1860,55000,2,"Rock, WI"
55107,764974,14099,423554,367833,2366,55000,2,"Rusk, WI"
55109,6455744,95967,4387380,3014289,1870,55000,2,"St. Croix, WI"
55111,4133038,65770,2652383,2989636,2154,55000,2,"Sauk, WI"
55113,958487,18521,426195,500593,3257,55000,2,"Sawyer, WI"
55115,2094512,40987,1253937,922839,2313,55000,2,"Shawano, WI"
55117,7119748,117661,4297680,5064339,1325,55000,2,"Sheboygan, WI"
55119,994425,19941,612497,630898,2525,55000,2,"Taylor, WI"
55121,1594573,30891,976401,1004043,1898,55000,2,"Trempealeau, WI"
55123,1553417,31063,917337,752959,2050,55000,2,"Vernon, WI"
55125,1465337,23742,632195,661553,2221,55000,2,"Vilas, WI"
55127,6777763,105664,3966700,3308002,1438,55000,2,"Walworth, WI"
55129,936357,16871,428576,435412,2065,55000,2,"Washburn, WI"
55131,9556094,137756,6299909,4938934,1115,55000,2,"Washington, WI"
55133,35487990,410273,22738504,24057359,1424,55000,2,"Waukesha, WI"
55135,2787244,51510,1572220,1387619,1937,55000,2,"Waupaca, WI"
55137,1172132,24927,643370,437045,1622,55000,2,"Waushara, WI"
55139,9815437,170688,6003561,7992646,1126,55000,2,"Winnebago, WI"
55141,4015703,73778,2307265,2943123,2054,55000,2,"Wood, WI"
56000,44459874,581629,22042538,25399291,251459,00000,1,Wyoming
56001,1932058,38178,1148454,1272313,11070,56000,2,"Albany, WY"
56003,575243,11879,296761,327903,8125,56000,2,"Big Horn, WY"
56005,2776046,47059,1812278,2274528,12437,56000,2,"Campbell, WY"
56007,995334,14538,607717,647376,20455,56000,2,"Carbon, WY"
56009,931880,13765,525712,603336,11020,56000,2,"Converse, WY"
56011,451021,7419,241811,223617,7393,56000,2,"Crook, WY"
56013,2119704,39566,1078285,1172287,23785,56000,2,"Fremont, WY"
56015,646467,12636,334603,320926,5764,56000,2,"Goshen, WY"
56017,363648,4623,238630,258633,5191,56000,2,"Hot Springs, WY"
56019,575833,8719,291718,273454,10759,56000,2,"Johnson, WY"
56021,6134966,100781,3580725,4337049,6956,56000,2,"Laramie, WY"
56023,1402066,20671,696921,663437,10555,56000,2,"Lincoln, WY"
56025,5967398,79523,3755790,4193234,13832,56000,2,"Natrona, WY"
56027,133250,2348,67129,81755,6801,56000,2,"Niobrara, WY"
56029,2186653,30505,905166,1078931,17972,56000,2,"Park, WY"
56031,485144,8652,259029,295932,5391,56000,2,"Platte, WY"
56033,2221555,32035,1013246,1127220,6535,56000,2,"Sheridan, WY"
56035,585646,8752,280050,352792,12656,56000,2,"Sublette, WY"
56037,2487185,41374,1706125,2089190,27006,56000,2,"Sweetwater, WY"
56039,9753741,23297,2229199,2772773,10352,56000,2,"Teton, WY"
56041,961753,20727,561106,578498,5392,56000,2,"Uinta, WY"
56043,422905,7724,222634,266134,5798,56000,2,"Washakie, WY"
56045,350378,6858,189449,187973,6211,56000,2,"Weston, WY"
