industry,region,industry_title,region_title,qcew_establishments,qcew_employment,qcew_wages,employment,earnings,compensation,surplus,nettax_production,nettax_commodity,gdp,intermediate_use,output,imports,noncomparable,pce,investment,inventory,government,exports,supply,demand,supplydemand,employmentoutput,earningsoutput,compensationoutput,surplusoutput,gdpoutput,rpc,nettax_output_federal,nettax_output_state,nettax_output_local
1111A0,00000,Oilseed farming,United States,1421,5495,246030,38741,2433491,276000,3482000,1481000,243000,5482000,0.5874,13372000,438000,24000,20152,0,-1355096,0,6481000,6891000,7329000,0.94024,0.0029,0.18198,0.02064,0.26039,0.40996,0.95731,0.06863,0.02348,0.03682
1111B0,00000,Grain farming,United States,12479,49661,2321389,283320,22889514,2625000,32002000,166000,-5705000,29088000,0.59706,72622000,1425000,166000,4494797,0,-4917862,0,15143526,57478474,58903474,0.97581,0.0039,0.31519,0.03615,0.44067,0.40054,0.95731,-0.07752,0.00048,0.00076
111200,00000,Vegetable and melon farming,United States,5342,83158,3665334,171686,9587152,3571000,13517000,3000,854000,17945000,0.48346,34751000,5673000,0,31613562,0,-1594794,0,3429373,31321627,36994627,0.84665,0.00494,0.27588,0.10276,0.38897,0.51639,0.95731,0.02461,2e-05,3e-05
111300,00000,Fruit and tree nut farming,United States,10556,163156,5958934,219625,11366443,5948000,15726000,261000,1075000,23010000,0.45287,42081000,12890000,0,32597068,0,-1780186,0,5537424,36543576,49433576,0.73925,0.00522,0.27011,0.14135,0.37371,0.5468,0.95731,0.02837,0.00131,0.00206
111400,00000,"Greenhouse, nursery, and floriculture production",United States,10035,177074,7530273,460482,15509951,6211000,28492000,224000,1074000,36001000,0.13362,41573000,1925000,0,32883008,0,22861,0,1046593,40526407,42451407,0.95465,0.01108,0.37308,0.1494,0.68535,0.86597,0.95731,0.02829,0.00114,0.00179
111900,00000,Other crop farming,United States,11570,68867,3096880,229528,10360252,2898000,13761000,4488000,-42000,21105000,0.28845,29676000,1904000,0,6168170,3990,-2405727,0,5993148,23682852,25586852,0.92559,0.00773,0.34911,0.09765,0.46371,0.71118,0.95731,0.06748,0.03206,0.05028
112120,00000,Dairy cattle and milk production,United States,6946,105068,4634028,314761,20362707,4416000,25332000,29000,88000,29865000,0.61514,78039000,5000,163000,917522,0,58077,0,186251,77852749,77857749,0.99994,0.00403,0.26093,0.05659,0.32461,0.38269,0.95731,0.0013,8e-05,0.00012
1121A0,00000,"Beef cattle ranching and farming, including feedlots and dual-purpose ranching and farming",United States,11056,55900,2494851,332273,12817849,2492000,18619000,2573000,106000,23790000,0.86451,177145000,1480000,234000,732917,0,358128,0,314614,176830386,178310386,0.9917,0.00188,0.07236,0.01407,0.10511,0.1343,0.95731,0.00722,0.00308,0.00483
112300,00000,Poultry and egg production,United States,2455,43070,2328675,223605,15703715,1719000,15728000,1399000,428000,19274000,0.57614,45624000,134000,51000,9396071,0,70528,0,839267,44784733,44918733,0.99702,0.0049,0.3442,0.03768,0.34473,0.42245,0.95731,0.02335,0.0065,0.01019
112A00,00000,"Animal production, except cattle and poultry and eggs",United States,8089,60297,2977906,292855,17947510,2675000,25304000,1333000,701000,30013000,0.28149,41881000,5140000,77000,14251300,0,92492,0,1469766,40411234,45551234,0.88716,0.00699,0.42854,0.06387,0.60419,0.71663,0.95731,0.03124,0.00675,0.01058
113000,00000,Forestry and logging,United States,9277,55335,3192427,110266,6681590,3873000,1838000,18000,123000,5852000,0.6448,16480000,1418000,1000,24287,63928,399176,0,1139243,15340757,16758757,0.91539,0.00669,0.40544,0.23501,0.11153,0.3551,0.95731,0.00796,0.00023,0.00036
114000,00000,"Fishing, hunting and trapping",United States,2879,8611,675992,101822,2456330,1039000,744000,0,641000,2424000,0.67701,7580000,8638000,12000,5196184,0,27257,0,1662439,5917561,14555561,0.40655,0.01343,0.32405,0.13707,0.09815,0.31979,0.95731,0.08456,0.0,0.0
115000,00000,Support activities for agriculture and forestry,United States,21879,389587,16114926,755934,30286562,26422000,10757000,1486000,1000,38666000,0.11046,43515000,15000,34000,183863,776489,0,0,622974,42892026,42907026,0.99965,0.01737,0.696,0.60719,0.2472,0.88857,0.95731,0.01558,0.00724,0.01135
211000,00000,Oil and gas extraction,United States,6470,113114,22263702,509393,128720468,26384000,245841000,27936000,28352000,328513000,0.48681,643304000,190364000,1554000,28884580,23099611,7734432,0,157746910,485557090,675921090,0.71836,0.00079,0.20009,0.04101,0.38215,0.51067,0.9573,0.06385,0.00921,0.01444
212100,00000,Coal mining,United States,731,39937,4139132,44691,4919386,4601000,14583000,900000,1681000,21765000,0.43208,38331000,708000,1000,121898,8006711,415818,0,7511484,30819516,31527516,0.97754,0.00117,0.12834,0.12003,0.38045,0.56782,0.95731,0.05455,0.00498,0.00781
212230,00000,"Copper, nickel, lead, and zinc mining",United States,93,16916,1795681,21900,3060446,2337000,6661000,329000,639000,9966000,0.52347,20945000,369000,5000,241,1029955,652444,0,5675770,15269230,15638230,0.9764,0.00105,0.14612,0.11158,0.31802,0.47582,0.95727,0.03766,0.00333,0.00522
2122A0,00000,"Iron, gold, silver, and other metal ore mining",United States,666,24395,2885905,31243,3897039,3638000,5604000,702000,632000,10576000,0.53363,22716000,2468000,2000,483,2151006,563596,0,7740461,14975539,17443539,0.85851,0.00138,0.17155,0.16015,0.2467,0.46557,0.95729,0.0419,0.00655,0.01027
212310,00000,Stone mining and quarrying,United States,2538,43161,3221946,59906,5254148,4219000,9197000,594000,634000,14644000,0.4067,24706000,344000,0,12694,3250442,573616,0,181155,24524845,24868845,0.98617,0.00242,0.21267,0.17077,0.37226,0.59273,0.95731,0.03661,0.0051,0.00799
2123A0,00000,Other nonmetallic mineral mining and quarrying,United States,3466,55359,4535679,80138,7714842,5754000,12778000,848000,708000,20088000,0.31334,29279000,2162000,0,68747,4141577,493779,0,2847131,26431869,28593869,0.92439,0.00274,0.26349,0.19652,0.43642,0.68609,0.9573,0.03738,0.00614,0.00963
213111,00000,Drilling oil and gas wells,United States,2148,47496,5077590,51113,6572706,5235000,3566000,397000,0,9198000,0.42685,16097000,30000,21000,483,15310087,258052,0,43024,16053976,16083976,0.99813,0.00318,0.40832,0.32522,0.22153,0.57141,0.95707,0.01124,0.00523,0.0082
21311A,00000,Other support activities for mining,United States,15146,215548,21889735,251885,30968376,25742000,17582000,1881000,23000,45228000,0.33513,68228000,1182000,127000,52019,48297026,339161,0,1710622,66517378,67699378,0.98254,0.00369,0.4539,0.37729,0.25769,0.66289,0.9549,0.0129,0.00584,0.00917
221100,00000,"Electric power generation, transmission, and distribution",United States,12687,383027,49946048,393456,80643038,62169000,172544000,24072000,25360000,284145000,0.44074,511075000,3684000,1592000,193796481,2696181,0,0,2182855,508892145,512576145,0.99281,0.00077,0.15779,0.12164,0.33761,0.55598,0.95634,0.02146,0.03185,0.04342
221200,00000,Natural gas distribution,United States,3445,114841,14828602,101682,22761348,16882000,46637000,6077000,4165000,73761000,0.26372,100248000,90000,44000,61147948,1124707,1990,0,589389,99658611,99748611,0.9991,0.00101,0.22705,0.1684,0.46522,0.73579,0.9572,0.02762,0.03116,0.04339
221300,00000,"Water, sewage and other systems",United States,13611,220047,16075693,110288,22988160,16699000,47193000,10017000,676000,74585000,0.11518,84309000,60000,11000,30264176,456385,0,0,711356,83597644,83657644,0.99928,0.00131,0.27267,0.19807,0.55976,0.88466,0.95722,0.05412,0.02872,0.04399
230301,00000,Nonresidential maintenance and repair,United States,50150,778357,59826316,1199933,94555834,72335000,38922000,328000,1024000,112609000,0.55752,254589000,18000,0,724,446346,0,0,86858,254502142,254520142,0.99993,0.00471,0.37141,0.28412,0.15288,0.44232,0.95731,0.00461,0.00027,0.00043
230302,00000,Residential maintenance and repair,United States,104447,558612,32989052,704550,54129556,40540000,22204000,161000,162000,63067000,0.35006,97080000,0,0,0,0,0,0,48658,97031342,97031342,1.0,0.00726,0.55758,0.41759,0.22872,0.64964,0.95732,0.00242,0.00035,0.00055
233210,00000,Health care structures,United States,27599,395405,32414792,643049,51117930,39201000,21126000,759000,0,61086000,0.26714,83468000,0,77000,0,83467824,0,0,0,83468000,83468000,1.0,0.0077,0.61243,0.46965,0.2531,0.73185,0.95732,0.00414,0.00193,0.00302
233230,00000,Manufacturing structures,United States,23190,404351,33362887,657577,51683057,39846000,21537000,754000,0,62137000,0.40038,103620000,0,0,0,103619866,0,0,0,103620000,103620000,1.0,0.00635,0.49877,0.38454,0.20785,0.59966,0.95732,0.00331,0.00154,0.00242
233240,00000,Power and communication structures,United States,11926,232325,21458343,421593,31794763,24198000,13381000,457000,0,38036000,0.51716,79215000,0,204000,0,79214531,0,0,0,79215000,79215000,1.0,0.00532,0.40137,0.30547,0.16892,0.48016,0.95732,0.00263,0.00122,0.00192
233262,00000,Educational and vocational structures,United States,49769,722950,58605360,1164787,92455056,70872000,38184000,1389000,1000,110446000,0.38249,178822000,0,0,0,178821987,0,0,0,178822000,178822000,1.0,0.00651,0.51702,0.39633,0.21353,0.61763,0.95732,0.00354,0.00165,0.00258
2332A0,00000,Office and commercial structures,United States,77380,1118505,91032554,1808071,143592364,110088000,59319000,2170000,1000,171578000,0.42594,299223000,0,179000,0,299222915,0,0,0,299223000,299223000,1.0,0.00604,0.47988,0.36791,0.19824,0.57341,0.95732,0.00331,0.00154,0.00241
2332C0,00000,Transportation structures and highways and streets,United States,17728,515709,39235535,860412,63527403,47147000,24753000,896000,1000,72797000,0.53943,158587000,0,257000,0,158586670,0,0,0,158587000,158587000,1.0,0.00543,0.40058,0.29729,0.15608,0.45904,0.95732,0.00258,0.0012,0.00188
2332D0,00000,Other nonresidential structures,United States,32692,491426,42348353,866523,65835452,50427000,27176000,949000,0,78552000,0.45799,145164000,0,131000,0,145162987,0,0,0,145164000,145164000,1.0,0.00597,0.45352,0.34738,0.18721,0.54113,0.95732,0.00298,0.00139,0.00217
233411,00000,Single-family residential structures,United States,300894,1512553,95281715,2045239,156823040,116800000,64040000,2344000,1000,183185000,0.46097,340501000,0,350000,0,340501613,0,0,0,340501000,340501000,1.0,0.00601,0.46057,0.34302,0.18808,0.53799,0.95732,0.00314,0.00146,0.00229
233412,00000,Multifamily residential structures,United States,57364,323068,20763666,432541,33723712,25446000,13987000,506000,0,39939000,0.52411,84187000,0,117000,0,84187356,0,0,0,84187000,84187000,1.0,0.00514,0.40058,0.30226,0.16614,0.47441,0.95732,0.00274,0.00127,0.002
2334A0,00000,Other residential structures,United States,157763,843760,49828604,1064189,81760378,61234000,33539000,265000,1671000,96709000,0.68674,310342000,0,485000,0,304629236,0,0,0,310342000,310342000,1.0,0.00343,0.26345,0.19731,0.10807,0.31162,0.95732,0.00577,0.00018,0.00028
311111,00000,Dog and cat food manufacturing,United States,832,34624,2579077,44969,3534512,3343000,3044000,80000,1373000,7840000,0.76468,33636000,739000,71000,30582869,104385,124229,0,678121,32957879,33696879,0.97807,0.00134,0.10508,0.09939,0.0905,0.23308,0.95731,0.0419,0.0005,0.00079
311119,00000,Other animal food manufacturing,United States,1894,37317,2540874,48832,3410718,3186000,2981000,33000,542000,6742000,0.82627,39367000,722000,96000,5751252,116865,235964,0,2033510,37333490,38055490,0.98103,0.00124,0.08664,0.08093,0.07572,0.17126,0.95731,0.01415,0.00018,0.00028
311210,00000,Flour milling and malt manufacturing,United States,547,21431,1548870,27796,2009510,1902000,1714000,46000,337000,3999000,0.79147,19340000,1703000,27000,7351969,89738,217041,0,1643359,17696641,19399641,0.91221,0.00144,0.1039,0.09835,0.08862,0.20677,0.9573,0.01851,0.0005,0.00079
311221,00000,Wet corn milling,United States,74,12713,1565075,19853,1947092,1935000,1550000,40000,114000,3639000,0.69352,11921000,1094000,15000,2087896,97635,7006,0,1414877,10506123,11600123,0.90569,0.00167,0.16333,0.16232,0.13002,0.30526,0.95729,0.01109,0.00071,0.00112
311224,00000,Soybean and other oilseed processing,United States,248,9730,738548,12607,982994,909000,863000,3000,372000,2147000,0.94291,38659000,8056000,55000,5589816,43042,323867,0,5877363,32781637,40837637,0.80273,0.00033,0.02543,0.02351,0.02232,0.05554,0.95731,0.00966,2e-05,3e-05
311225,00000,Fats and oils refining and blending,United States,198,7419,544130,9280,738979,693000,661000,15000,167000,1536000,0.86478,11489000,546000,15000,4290168,29418,60179,0,597742,10891258,11437258,0.95226,0.00081,0.06432,0.06032,0.05753,0.13369,0.9573,0.01513,0.00028,0.00043
311230,00000,Breakfast cereal manufacturing,United States,152,12228,1036144,16266,1265187,1237000,1059000,90000,361000,2747000,0.72117,9946000,504000,20000,9726342,46356,33173,0,335811,9610189,10114189,0.95017,0.00164,0.12721,0.12437,0.10647,0.27619,0.9573,0.04042,0.00192,0.00301
311300,00000,Sugar and confectionery product manufacturing,United States,2296,79159,4750441,82077,6229181,5911000,5272000,202000,1197000,12582000,0.70237,42440000,6845000,41000,35283343,220351,123899,0,2024874,40415126,47260126,0.85516,0.00193,0.14678,0.13928,0.12422,0.29647,0.95731,0.03037,0.00101,0.00158
311410,00000,Frozen food manufacturing,United States,1104,93222,5418654,103544,7284886,6954000,5143000,960000,1241000,14298000,0.66044,42394000,3149000,90000,38415637,205240,112933,0,1508373,40885627,44034627,0.92849,0.00244,0.17184,0.16403,0.12131,0.33726,0.9573,0.03959,0.0048,0.00753
311420,00000,"Fruit and vegetable canning, pickling, and drying",United States,1607,82949,5282692,101668,7055339,6759000,5551000,741000,1215000,14266000,0.67764,44559000,5995000,81000,33013343,215428,214357,0,2632195,41926805,47921805,0.8749,0.00228,0.15834,0.15169,0.12458,0.32016,0.95731,0.03484,0.00353,0.00553
311513,00000,Cheese manufacturing,United States,730,59033,3829777,71455,5041084,4846000,3501000,107000,1088000,9542000,0.85939,68736000,1559000,106000,35870079,252153,167961,0,2727613,66008387,67567387,0.97693,0.00104,0.07334,0.0705,0.05093,0.13882,0.9573,0.01654,0.00033,0.00052
311514,00000,"Dry, condensed, and evaporated dairy product manufacturing",United States,255,19027,1558384,27081,2003657,1919000,1595000,193000,485000,4192000,0.7798,19302000,1405000,45000,12586198,47502,85973,0,1573983,17728017,19133017,0.92657,0.0014,0.10381,0.09942,0.08263,0.21718,0.9573,0.02968,0.00212,0.00332
31151A,00000,Fluid milk and butter manufacturing,United States,794,57074,4034941,72613,5169124,4946000,4175000,111000,1256000,10488000,0.80324,53579000,975000,54000,37417014,214839,203578,0,1104102,52474898,53449898,0.98176,0.00136,0.09648,0.09231,0.07792,0.19575,0.9573,0.02439,0.00044,0.00069
311520,00000,Ice cream and frozen dessert manufacturing,United States,813,24143,1353470,24614,1763125,1707000,1258000,38000,143000,3146000,0.68218,9971000,121000,12000,3893598,68217,33277,0,298019,9672981,9793981,0.98765,0.00247,0.17683,0.1712,0.12617,0.31551,0.9573,0.01608,0.00081,0.00127
311615,00000,Poultry processing,United States,808,221694,10691747,234044,14222237,13881000,15770000,2627000,1702000,33980000,0.63615,93533000,614000,25000,59013888,170558,277831,0,3998608,89534392,90148392,0.99319,0.0025,0.15206,0.14841,0.1686,0.36329,0.95729,0.03099,0.00595,0.00934
31161A,00000,"Animal (except poultry) slaughtering, rendering, and processing",United States,3670,303750,17673177,323612,24293420,22322000,21720000,1485000,3554000,49081000,0.76684,211261000,10385000,127000,121833028,302439,794499,0,17878499,193382501,203767501,0.94904,0.00153,0.11499,0.10566,0.10281,0.23232,0.95731,0.02002,0.00149,0.00234
311700,00000,Seafood product preparation and packaging,United States,860,32828,2012250,37004,2774800,2608000,1398000,65000,407000,4478000,0.72946,16597000,4695000,11000,9544845,21521,-23787,0,352572,16244428,20939428,0.77578,0.00223,0.16719,0.15714,0.08423,0.26981,0.95731,0.02631,0.00083,0.0013
311810,00000,Bread and bakery product manufacturing,United States,13262,248625,10868696,193071,14708576,14010000,11882000,438000,1567000,27897000,0.50593,56616000,3535000,70000,50236683,187373,233263,0,1038830,55577170,59112170,0.9402,0.00341,0.2598,0.24746,0.20987,0.49274,0.95731,0.0312,0.00164,0.00257
3118A0,00000,"Cookie, cracker, pasta, and tortilla manufacturing",United States,1756,77036,4310473,75638,5746535,5511000,5331000,55000,907000,11804000,0.61721,30956000,1185000,35000,27759892,70508,122277,0,711225,30244775,31429775,0.9623,0.00244,0.18564,0.17803,0.17221,0.38132,0.9573,0.03011,0.00038,0.00059
311910,00000,Snack food manufacturing,United States,1039,62790,3697281,68427,4801463,4611000,4355000,60000,1223000,10249000,0.77409,45932000,3280000,119000,37209774,173408,325845,0,3909466,42022534,45302534,0.9276,0.00149,0.10453,0.10039,0.09481,0.22313,0.9573,0.02722,0.00028,0.00043
311920,00000,Coffee and tea manufacturing,United States,1484,27319,1584471,28428,2110072,1975000,1849000,53000,388000,4265000,0.75654,17676000,2141000,28000,11945997,79550,45865,0,980824,16695176,18836176,0.88634,0.00161,0.11937,0.11173,0.10461,0.24129,0.95731,0.02332,0.00064,0.001
311930,00000,Flavoring syrup and concentrate manufacturing,United States,296,9089,866174,13511,1148654,1109000,1033000,104000,77000,2323000,0.56434,5361000,2468000,4000,685352,28272,65780,0,282122,5078878,7546878,0.67298,0.00252,0.21426,0.20686,0.19269,0.43331,0.95731,0.0232,0.00411,0.00645
311940,00000,Seasoning and dressing manufacturing,United States,1181,47984,3449941,61004,4730293,4447000,3454000,113000,639000,8653000,0.69,28100000,2353000,55000,19604407,180159,91389,0,1303204,26796796,29149796,0.91928,0.00217,0.16834,0.15826,0.12292,0.30794,0.95731,0.02457,0.00085,0.00134
311990,00000,All other food manufacturing,United States,3519,102839,5702855,97789,7455407,7033000,5819000,439000,1063000,14354000,0.67915,44960000,3234000,51000,35084836,337070,262771,0,4235074,40724926,43958926,0.92643,0.00218,0.16582,0.15643,0.12943,0.31926,0.95731,0.02809,0.00207,0.00325
312110,00000,Soft drink and ice manufacturing,United States,2466,106053,6961765,128930,9518525,9190000,8344000,135000,1676000,19345000,0.63597,53442000,3715000,110000,50529436,249985,281031,0,890501,52551499,56266499,0.93397,0.00241,0.17811,0.17196,0.15613,0.36198,0.95731,0.03251,0.00054,0.00084
312120,00000,Breweries,United States,5832,106090,4990787,93726,6904042,6625000,6376000,6000,3600000,16607000,0.61218,43066000,3526000,86000,37211372,176502,319231,0,510288,42555712,46081712,0.92348,0.00218,0.16031,0.15383,0.14805,0.38562,0.95731,0.02096,0.04183,0.02094
312130,00000,Wineries,United States,5561,76710,4061341,74965,5515992,5362000,3383000,10000,2152000,10907000,0.63083,29687000,5028000,42000,27162598,153836,506552,0,795547,28891453,33919453,0.85177,0.00253,0.1858,0.18062,0.11396,0.3674,0.95731,0.0364,0.03632,0.00011
312140,00000,Distilleries,United States,1642,25783,1755144,29153,2272704,2176000,2316000,1000,3979000,8472000,0.61587,22149000,3227000,30000,15320897,63758,75372,0,589784,21559216,24786216,0.86981,0.00132,0.10261,0.09824,0.10456,0.3825,0.95731,0.04493,0.08983,0.04493
312200,00000,Tobacco manufacturing,United States,498,11390,1000851,17413,1379014,1281000,2864000,1000,14057000,18203000,0.53408,39363000,542000,134000,36088023,25932,203308,0,521465,38841535,39383535,0.98624,0.00044,0.03503,0.03254,0.07276,0.46244,0.95729,0.17857,0.17856,1e-05
313100,00000,"Fiber, yarn, and thread mills",United States,399,25385,1150186,24797,1474163,1437000,519000,68000,91000,2115000,0.69888,7093000,1276000,15000,174197,27249,270378,0,2371492,4721508,5997508,0.78724,0.0035,0.20783,0.20259,0.07317,0.29818,0.95726,0.0172,0.00203,0.00319
313200,00000,Fabric mills,United States,1122,45610,2589472,50989,3236725,3160000,929000,169000,614000,4872000,0.64989,14019000,4824000,33000,3449925,102584,288359,0,2292141,11726859,16550859,0.70853,0.00364,0.23088,0.22541,0.06627,0.34753,0.95727,0.04929,0.00256,0.00401
313300,00000,Textile and fabric finishing and fabric coating mills,United States,1299,26002,1545577,28765,1930443,1885000,445000,107000,104000,2541000,0.66669,7668000,1099000,4000,1007661,86085,225759,0,761284,6906716,8005716,0.86272,0.00375,0.25175,0.24583,0.05803,0.33138,0.95727,0.01992,0.00296,0.00464
314110,00000,Carpet and rug mills,United States,450,27953,1542866,30739,1995364,1929000,843000,86000,761000,3619000,0.65319,10537000,1071000,23000,7664043,1928112,101835,0,276152,10260848,11331848,0.90549,0.00292,0.18937,0.18307,0.08,0.34346,0.95726,0.07594,0.00173,0.00271
314120,00000,Curtain and linen mills,United States,1221,16030,723543,16445,962077,900000,210000,47000,502000,1659000,0.5894,4069000,1513000,6000,4423039,26944,27178,0,73585,3995415,5508415,0.72533,0.00404,0.23644,0.22118,0.05161,0.40772,0.95727,0.12863,0.00245,0.00384
314900,00000,Other textile product mills,United States,4860,61305,2975588,69037,3851828,3726000,758000,232000,607000,5323000,0.54548,11787000,3168000,20000,5751504,127039,112952,0,1160067,10626933,13794933,0.77035,0.00586,0.32679,0.31611,0.06431,0.4516,0.95728,0.06046,0.00417,0.00654
315000,00000,Apparel manufacturing,United States,6649,93052,4976910,147559,7103061,6273000,1536000,259000,2031000,10099000,0.3244,14980000,5344000,13000,18610180,177652,7836,0,224758,14755242,20099242,0.73412,0.00985,0.47417,0.41876,0.10254,0.67417,0.95728,0.14346,0.00367,0.00575
316000,00000,Leather and allied product manufacturing,United States,1505,26687,1469697,32044,1946943,1814000,405000,75000,836000,3130000,0.5836,7559000,2825000,0,8101093,59967,783075,0,260750,7298250,10123250,0.72094,0.00424,0.25757,0.23998,0.05358,0.41408,0.95728,0.11512,0.0021,0.0033
321100,00000,Sawmills and wood preservation,United States,3563,92902,5645868,112490,8127288,7160000,8486000,171000,950000,16767000,0.66895,50923000,9093000,84000,31942,214720,-9676,0,3154094,47768906,56861906,0.84009,0.00221,0.1596,0.1406,0.16664,0.32926,0.9573,0.02019,0.00071,0.00112
321200,00000,"Veneer, plywood, and engineered wood product manufacturing",United States,1798,85134,5575994,100029,7675432,6758000,7187000,179000,1618000,15742000,0.60716,40274000,8560000,59000,1538,257757,203243,0,979555,39294445,47854445,0.82112,0.00248,0.19058,0.1678,0.17845,0.39087,0.9573,0.0422,0.00094,0.00148
321910,00000,Millwork,United States,3527,107369,6217582,116187,8898422,7747000,6261000,186000,1782000,15976000,0.61055,41220000,3749000,65000,60951,921378,488851,0,686426,40533574,44282574,0.91534,0.00282,0.21588,0.18794,0.15189,0.38758,0.9573,0.04529,0.00096,0.0015
3219A0,00000,All other wood product manufacturing,United States,7044,141812,7838093,148104,11617959,9693000,7794000,273000,1274000,19034000,0.5946,47088000,4474000,45000,7642685,15482080,348017,0,709983,46378017,50852017,0.91202,0.00315,0.24673,0.20585,0.16552,0.40422,0.9573,0.0297,0.00123,0.00193
322110,00000,Pulp mills,United States,81,5274,476494,6262,577428,575000,641000,36000,4000,1256000,0.79986,6441000,3071000,19000,6588,14770,-59779,0,4770277,1670723,4741723,0.35235,0.00097,0.08965,0.08927,0.09952,0.195,0.95731,0.00317,0.00118,0.00186
322120,00000,Paper mills,United States,497,50257,4520617,60009,5976025,5827000,5867000,373000,2457000,14524000,0.58164,34988000,5842000,106000,17916580,126765,-55641,0,5341440,29646560,35488560,0.83538,0.00172,0.1708,0.16654,0.16769,0.41511,0.9573,0.07508,0.00226,0.00354
322130,00000,Paperboard mills,United States,269,32193,3114638,41271,4158404,4089000,4857000,239000,229000,9414000,0.74135,36474000,2057000,11000,319618,99150,-71348,0,884294,35589706,37646706,0.94536,0.00113,0.11401,0.11211,0.13316,0.2581,0.9573,0.00926,0.00139,0.00218
322210,00000,Paperboard container manufacturing,United States,2407,157805,11373277,150746,14546409,13984000,11509000,782000,589000,26864000,0.65774,79373000,2552000,291000,1714389,73814,-63454,0,2896376,76476624,79028624,0.96771,0.0019,0.18327,0.17618,0.145,0.33845,0.9573,0.01191,0.00209,0.00328
322220,00000,Paper bag and coated and treated paper manufacturing,United States,1068,55128,3882729,51284,4991895,4786000,4049000,294000,968000,10097000,0.58319,24393000,5203000,60000,4146288,149577,-55116,0,3719258,20673742,25876742,0.79893,0.0021,0.20464,0.1962,0.16599,0.41393,0.9573,0.04517,0.00255,0.00401
322230,00000,Stationery product manufacturing,United States,425,14776,923489,11955,1238635,1106000,961000,65000,153000,2285000,0.63455,6284000,335000,4000,1315723,16801,-63188,0,331612,5952388,6287388,0.94672,0.0019,0.19711,0.176,0.15293,0.36362,0.9573,0.02906,0.00219,0.00344
322291,00000,Sanitary paper product manufacturing,United States,250,27077,2254808,32606,3078311,3132000,3064000,191000,932000,7319000,0.52265,15455000,1662000,39000,9830916,86497,-29458,0,1372102,14082898,15744898,0.89444,0.00211,0.19918,0.20265,0.19825,0.47357,0.95729,0.06593,0.00262,0.00411
322299,00000,All other converted paper product manufacturing,United States,560,18235,1130138,14759,1439238,1330000,1156000,85000,141000,2712000,0.51846,5672000,917000,7000,1007822,242854,-60658,0,250665,5421335,6338335,0.85532,0.0026,0.25374,0.23449,0.20381,0.47814,0.9573,0.03169,0.00318,0.00498
323110,00000,Printing,United States,26865,364739,20978942,429209,25931075,25084000,14291000,822000,1134000,41331000,0.51046,84893000,3247000,216000,7475748,737872,-756577,0,3119240,81773760,85020760,0.96181,0.00506,0.30546,0.29548,0.16834,0.48686,0.9573,0.01777,0.00205,0.00322
323120,00000,Support activities for printing,United States,1334,16915,1010694,19891,1273447,1224000,723000,42000,5000,1994000,0.3132,2924000,28000,0,33177,24442,-404503,0,73423,2850577,2878577,0.99027,0.0068,0.43552,0.4186,0.24726,0.68194,0.9573,0.00825,0.00304,0.00478
324110,00000,Petroleum refineries,United States,654,59604,9790042,70077,24585457,14649000,132219000,3047000,79646000,229561000,0.73595,899668000,71962000,7869000,339582092,711796,2774428,0,141057615,758610385,830572385,0.91336,8e-05,0.02733,0.01628,0.14696,0.25516,0.95732,0.00154,0.08629,0.00408
324121,00000,Asphalt paving mixture and block manufacturing,United States,983,16482,1390076,14157,10336685,2020000,11943000,447000,274000,14684000,0.50006,29550000,123000,73000,10237,88725,3082781,0,316962,29233038,29356038,0.99581,0.00048,0.3498,0.06836,0.40416,0.49692,0.95729,0.01616,0.00321,0.00503
324122,00000,Asphalt shingle and coating materials manufacturing,United States,310,12763,1239522,12740,6658996,1994000,14887000,319000,37000,17237000,0.36159,27013000,243000,0,7060,101535,4290143,0,1092541,25920459,26163459,0.99071,0.00047,0.24651,0.07382,0.55111,0.6381,0.95729,0.00675,0.0025,0.00393
324190,00000,Other petroleum and coal products manufacturing,United States,541,15766,1396628,13839,9962391,2146000,15203000,510000,892000,18751000,0.55726,42416000,514000,14000,13135531,83111,2000415,0,2834030,39581970,40095970,0.98718,0.00033,0.23487,0.05059,0.35843,0.44207,0.95729,0.02651,0.00255,0.004
325110,00000,Petrochemical manufacturing,United States,213,25501,3878832,29657,5040897,4911000,16922000,695000,964000,23492000,0.60676,60660000,7938000,367000,2776136,324562,143288,0,7408086,53251914,61189914,0.87027,0.00049,0.0831,0.08096,0.27896,0.38727,0.95728,0.02111,0.00243,0.00381
325120,00000,Industrial gas manufacturing,United States,826,19876,2448733,23128,3802346,3095000,9015000,499000,115000,12724000,0.20957,16111000,329000,9000,1201384,362760,-309039,0,741207,15369793,15698793,0.97904,0.00144,0.23601,0.1921,0.55956,0.78977,0.95729,0.02125,0.00657,0.0103
325130,00000,Synthetic dye and pigment manufacturing,United States,287,10847,1002228,10630,1485524,1301000,3154000,202000,166000,4823000,0.38171,7829000,2750000,10000,15287,108466,62122,0,3250397,4578603,7328603,0.62476,0.00136,0.18975,0.16618,0.40286,0.61604,0.95729,0.03296,0.00547,0.00858
325180,00000,Other basic inorganic chemical manufacturing,United States,982,40130,4523991,46955,6525471,5936000,15788000,892000,287000,22903000,0.42647,40082000,10016000,67000,140660,2120262,-93868,0,12824827,27257173,37273173,0.73128,0.00117,0.1628,0.1481,0.39389,0.5714,0.9573,0.0173,0.00472,0.0074
325190,00000,Other basic organic chemical manufacturing,United States,1423,56322,5913254,60701,9653998,7615000,21027000,1213000,3319000,33174000,0.76465,142827000,36757000,448000,9036995,686785,267917,0,31323466,111503534,148260534,0.75208,0.00042,0.06759,0.05332,0.14722,0.23227,0.9573,0.02711,0.0018,0.00282
325211,00000,Plastics material and resin manufacturing,United States,1439,61104,6743953,68178,9586679,8774000,23809000,1315000,1156000,35054000,0.67755,109349000,18934000,202000,910713,352824,552880,0,33171895,76177105,95111105,0.80093,0.00062,0.08767,0.08024,0.21773,0.32057,0.9573,0.01605,0.00255,0.004
3252A0,00000,Synthetic rubber and artificial and synthetic fibers and filaments manufacturing,United States,448,34796,3453404,36963,4695282,4451000,8847000,669000,218000,14185000,0.33392,21324000,4426000,17000,22449,219747,-9351,0,6662056,14661944,19087944,0.76813,0.00173,0.22019,0.20873,0.41488,0.66521,0.95729,0.02452,0.00665,0.01043
325310,00000,Fertilizer manufacturing,United States,1073,23221,2316767,27563,3970166,3140000,8181000,466000,316000,12103000,0.49404,24080000,5591000,68000,246013,584894,249378,0,2761643,21318357,26909357,0.79223,0.00114,0.16487,0.1304,0.33974,0.50262,0.95731,0.02194,0.0041,0.00643
325320,00000,Pesticide and other agricultural chemical manufacturing,United States,453,14351,1482851,16674,2221436,1918000,5167000,298000,432000,7815000,0.56445,18007000,1526000,21000,1879742,307894,160766,0,3035597,14971403,16497403,0.9075,0.00093,0.12337,0.10651,0.28694,0.434,0.95729,0.03153,0.00351,0.0055
325411,00000,Medicinal and botanical manufacturing,United States,1375,40680,4903599,44060,6965755,6316000,16210000,1205000,74000,23805000,0.20273,29905000,1070000,23000,453193,9382943,351243,0,1188256,28716744,29786744,0.96408,0.00147,0.23293,0.2112,0.54205,0.79602,0.95729,0.02083,0.00854,0.0134
325412,00000,Pharmaceutical preparation manufacturing,United States,4355,225699,30761712,250497,41765056,38681000,118004000,3446000,9961000,170092000,0.30065,243487000,51722000,168000,206560071,38160193,3482133,0,21388776,222098224,273820224,0.81111,0.00103,0.17153,0.15886,0.48464,0.69857,0.9573,0.04736,0.003,0.00471
325413,00000,In-vitro diagnostic substance manufacturing,United States,442,32083,3745831,33214,5450705,4832000,14993000,845000,84000,20754000,0.27203,28506000,1492000,0,144820,5861457,101050,0,1136247,27369753,28861753,0.94831,0.00117,0.19121,0.16951,0.52596,0.72806,0.95728,0.01645,0.00628,0.00986
325414,00000,Biological product (except diagnostic) manufacturing,United States,688,43854,5247216,49485,7749920,6849000,19227000,992000,488000,27556000,0.43919,49401000,34490000,131000,3187368,5696637,1175538,0,14011628,35389372,69879372,0.50644,0.001,0.15688,0.13864,0.3892,0.5578,0.9573,0.01903,0.00426,0.00668
325510,00000,Paint and coating manufacturing,United States,1733,43058,3604583,39206,5314740,4665000,11748000,713000,999000,18125000,0.50849,36963000,1411000,35000,5256197,340939,206669,0,3106205,33856795,35267795,0.95999,0.00106,0.14379,0.12621,0.31783,0.49036,0.95729,0.03581,0.00409,0.00641
325520,00000,Adhesive manufacturing,United States,734,24214,2095185,22400,3287476,2763000,7265000,456000,307000,10791000,0.46431,20207000,862000,19000,4130269,199965,90593,0,2392922,17814078,18676078,0.95384,0.00111,0.16269,0.13673,0.35953,0.53402,0.95729,0.02547,0.00478,0.0075
325610,00000,Soap and cleaning compound manufacturing,United States,2101,57089,5157458,55351,7414240,6803000,16094000,1034000,1694000,25625000,0.47297,48851000,3948000,106000,27208091,953983,44718,0,6275700,42575300,46523300,0.91514,0.00113,0.15177,0.13926,0.32945,0.52455,0.95729,0.04432,0.00449,0.00704
325620,00000,Toilet preparation manufacturing,United States,1785,59088,4124349,44392,6257775,5410000,14754000,795000,1771000,22730000,0.5427,49855000,6121000,58000,43448698,760526,173938,0,5069447,44785553,50906553,0.87976,0.00089,0.12552,0.10851,0.29594,0.45592,0.95729,0.04279,0.00338,0.0053
325910,00000,Printing ink manufacturing,United States,453,7618,581574,6087,902550,754000,1867000,118000,62000,2801000,0.43739,4995000,204000,5000,6812,72229,25894,0,967047,4027953,4231953,0.9518,0.00122,0.18069,0.15095,0.37377,0.56076,0.95729,0.02317,0.00501,0.00785
3259A0,00000,All other chemical product and preparation manufacturing,United States,2915,74602,6314325,70272,9451095,8293000,21484000,1267000,1092000,32136000,0.45069,58593000,7632000,49000,6142679,938678,146633,0,8166746,50426254,58058254,0.86855,0.0012,0.1613,0.14154,0.36666,0.54846,0.95729,0.02849,0.00458,0.00719
326110,00000,Plastics packaging materials and unlaminated film and sheet manufacturing,United States,1633,100116,6787590,109502,8676031,8457000,4197000,270000,1372000,14296000,0.71699,50947000,6044000,107000,6843982,263930,347538,0,4936951,46010049,52054049,0.88389,0.00215,0.1703,0.166,0.08238,0.28061,0.95729,0.02934,0.00112,0.00176
326120,00000,"Plastics pipe, pipe fitting, and unlaminated profile shape manufacturing",United States,1109,54551,3684616,58903,4614204,4496000,2295000,156000,702000,7649000,0.68698,24655000,1875000,58000,59237,142207,740126,0,1651231,23003769,24878769,0.92463,0.00239,0.18715,0.18236,0.09308,0.31024,0.95729,0.03136,0.00134,0.0021
326130,00000,"Laminated plastics plate, sheet (except packaging), and shape manufacturing",United States,432,20193,1340958,21090,1665286,1615000,774000,61000,33000,2483000,0.55095,5544000,31000,0,16267,49905,37366,0,48168,5495832,5526832,0.99439,0.0038,0.30038,0.29131,0.13961,0.44787,0.95728,0.01096,0.00233,0.00366
326140,00000,Polystyrene foam product manufacturing,United States,596,31230,1904680,31341,2368571,2318000,1247000,88000,241000,3894000,0.69339,12730000,288000,0,1530692,79350,257765,0,358501,12371499,12659499,0.97725,0.00246,0.18606,0.18209,0.09796,0.30589,0.95728,0.02208,0.00147,0.0023
326150,00000,Urethane and other foam product (except polystyrene) manufacturing,United States,919,38236,2213943,35506,2800473,2738000,1297000,96000,309000,4440000,0.68806,14261000,47000,0,1282660,370106,282115,0,80184,14180816,14227816,0.9967,0.00249,0.19637,0.19199,0.09095,0.31134,0.95729,0.02473,0.00143,0.00224
326160,00000,Plastics bottle manufacturing,United States,569,35848,2298756,36330,2926259,2859000,1446000,111000,188000,4604000,0.67725,14423000,1233000,43000,12631,97355,129620,0,661164,13761836,14994836,0.91777,0.00252,0.20289,0.19823,0.10026,0.31921,0.95728,0.01654,0.00163,0.00256
326190,00000,Other plastics product manufacturing,United States,6666,332372,20587796,319443,25957325,25062000,12002000,931000,4948000,42943000,0.68343,136699000,26763000,319000,22524565,1404659,2308077,0,11292286,125406714,152169714,0.82412,0.00234,0.18989,0.18334,0.0878,0.31414,0.9573,0.0393,0.00144,0.00226
326210,00000,Tire manufacturing,United States,503,55854,4130144,70030,5424271,5364000,2952000,47000,1966000,10329000,0.59569,25686000,8585000,46000,19603473,305525,121738,0,1961392,23724608,32309608,0.73429,0.00273,0.21118,0.20883,0.11493,0.40213,0.95729,0.07737,0.00039,0.00061
326220,00000,Rubber and plastics hoses and belting manufacturing,United States,485,23591,1521623,24456,1871416,1819000,977000,60000,269000,3125000,0.52552,6633000,2796000,14000,1037853,70137,156825,0,1458155,5174845,7970845,0.64922,0.00369,0.28214,0.27423,0.14729,0.47113,0.95729,0.04468,0.00192,0.00301
326290,00000,Other rubber product manufacturing,United States,1184,53067,3308362,54302,4285380,4098000,1980000,129000,558000,6765000,0.68571,21750000,4295000,60000,3746239,589600,429129,0,2140657,19609343,23904343,0.82033,0.0025,0.19703,0.18841,0.09103,0.31103,0.95729,0.02836,0.00126,0.00197
327100,00000,Clay product and refractory manufacturing,United States,1480,36465,2309688,35379,2942432,2860000,2999000,133000,703000,6695000,0.3538,10382000,4404000,14000,2916929,181313,163029,0,964480,9417520,13821520,0.68137,0.00341,0.28342,0.27548,0.28887,0.64487,0.95731,0.07355,0.00272,0.00426
327200,00000,Glass and glass product manufacturing,United States,2043,81966,5562720,84385,7094499,6918000,6734000,369000,1006000,15027000,0.51367,31100000,6202000,85000,8257846,473018,490519,0,2991914,28108086,34310086,0.81924,0.00271,0.22812,0.22244,0.21653,0.48318,0.95731,0.03775,0.00252,0.00394
327310,00000,Cement manufacturing,United States,415,14108,1266164,19796,1637801,1575000,1669000,77000,176000,3497000,0.60649,8964000,1130000,25000,1230,86798,59770,0,88519,8875481,10005481,0.88706,0.00221,0.18271,0.1757,0.18619,0.39012,0.95731,0.02355,0.00182,0.00286
327320,00000,Ready-mix concrete manufacturing,United States,5645,101924,7315671,114601,9486109,9042000,9084000,445000,2224000,20795000,0.53801,45077000,103000,9000,11395,564382,250614,0,126918,44950082,45053082,0.99771,0.00254,0.21044,0.20059,0.20152,0.46132,0.95731,0.05383,0.00209,0.00328
327330,00000,"Concrete pipe, brick, and block manufacturing",United States,1106,28268,2024744,30446,2597263,2466000,2440000,94000,397000,5397000,0.42258,9368000,64000,9000,3246,164198,36231,0,40542,9327458,9391458,0.99319,0.00325,0.27725,0.26324,0.26046,0.57611,0.95731,0.04695,0.00213,0.00334
327390,00000,Other concrete product manufacturing,United States,2111,57275,3721291,57240,4710830,4537000,4417000,235000,308000,9497000,0.45343,17457000,2148000,30000,147546,260578,78738,0,207523,17249477,19397477,0.88926,0.00328,0.26985,0.2599,0.25302,0.54402,0.95731,0.02378,0.00285,0.00448
327400,00000,Lime and gypsum product manufacturing,United States,377,15144,1288507,20148,1654000,1623000,1692000,80000,195000,3590000,0.63005,9781000,203000,13000,72895,113402,95400,0,194740,9586260,9789260,0.97926,0.00206,0.1691,0.16593,0.17299,0.36704,0.95731,0.02366,0.00173,0.00272
327910,00000,Abrasive product manufacturing,United States,389,9771,683053,10291,894237,862000,833000,38000,81000,1814000,0.60199,4622000,1393000,18000,317386,72084,62196,0,677365,3944635,5337635,0.73902,0.00223,0.19347,0.1865,0.18023,0.39247,0.95731,0.02127,0.00174,0.00273
327991,00000,Cut stone and stone product manufacturing,United States,2922,36727,1994308,30441,2549836,2444000,2348000,133000,239000,5164000,0.37423,8271000,2626000,8000,3881177,152191,42344,0,75188,8195812,10821812,0.75734,0.00368,0.30829,0.29549,0.28388,0.62435,0.95731,0.03622,0.00341,0.00535
327992,00000,Ground or treated mineral and earth manufacturing,United States,166,5391,489992,7007,609272,594000,619000,30000,60000,1303000,0.69832,4368000,601000,7000,209658,49238,-28991,0,272281,4095719,4696719,0.87204,0.0016,0.13949,0.13599,0.14171,0.29831,0.95731,0.01687,0.00146,0.00228
327993,00000,Mineral wool manufacturing,United States,310,16430,1325650,19524,1648284,1614000,1651000,81000,154000,3500000,0.52226,7377000,872000,13000,2931,94887,34104,0,662299,6714701,7586701,0.88506,0.00265,0.22344,0.21879,0.2238,0.47445,0.95731,0.02588,0.00233,0.00365
327999,00000,Miscellaneous nonmetallic mineral products,United States,544,11829,849058,13134,1096375,1048000,1049000,41000,99000,2237000,0.62114,5981000,571000,16000,893,81262,23974,0,458159,5522841,6093841,0.9063,0.0022,0.18331,0.17522,0.17539,0.37402,0.95731,0.01968,0.00145,0.00228
331110,00000,Iron and steel mills and ferroalloy manufacturing,United States,975,83575,9255698,101116,12337656,11099000,17724000,854000,1708000,31385000,0.75144,127846000,36837000,391000,363443,314684,1366139,0,11040202,116805798,153642798,0.76024,0.00079,0.0965,0.08682,0.13864,0.24549,0.95729,0.0164,0.00142,0.00222
331200,00000,Steel product manufacturing from purchased steel,United States,1298,56381,4498649,56318,6334512,5501000,7525000,429000,774000,14229000,0.62091,37639000,11183000,33000,849002,217535,259778,0,2945535,34693465,45876465,0.75624,0.0015,0.1683,0.14615,0.19993,0.37804,0.95729,0.02576,0.00242,0.00379
331313,00000,Alumina refining and primary aluminum production,United States,131,8421,723844,8505,1079083,886000,1203000,73000,96000,2258000,0.65564,6591000,5038000,8000,-45,40875,85020,0,328804,6262196,11300196,0.55417,0.00129,0.16372,0.13443,0.18252,0.34259,0.95729,0.01961,0.00235,0.00368
331314,00000,Secondary smelting and alloying of aluminum,United States,122,5747,425805,5554,655913,533000,685000,41000,143000,1402000,0.85372,9566000,7400000,0,-909,81803,124290,0,481705,9084295,16484295,0.55109,0.00058,0.06857,0.05572,0.07161,0.14656,0.9573,0.0169,0.00091,0.00142
33131B,00000,Aluminum product manufacturing from purchased aluminum,United States,533,45179,3562611,44689,5019758,4317000,5745000,340000,786000,11188000,0.72939,41494000,8134000,26000,-70878,78047,345027,0,5849735,35644265,43778265,0.8142,0.00108,0.12098,0.10404,0.13845,0.26963,0.95729,0.02268,0.00174,0.00272
331410,00000,Nonferrous metal (except aluminum) smelting and refining,United States,167,7566,687461,8824,1061488,857000,1561000,77000,423000,2918000,0.78393,13943000,14517000,83000,-9330,26419,203020,0,2625245,11317755,25834755,0.43808,0.00063,0.07613,0.06146,0.11196,0.20928,0.9573,0.03285,0.00117,0.00184
331420,00000,"Copper rolling, drawing, extruding and alloying",United States,337,26931,2161536,27144,3022867,2581000,3413000,225000,511000,6730000,0.77725,30508000,6522000,56000,63987,102386,118693,0,3439492,27068508,33590508,0.80584,0.00089,0.09908,0.0846,0.11187,0.2206,0.95729,0.02011,0.00156,0.00245
331490,00000,"Nonferrous metal (except copper and aluminum) rolling, drawing, extruding and alloying",United States,579,23984,1918756,23431,2735298,2330000,3060000,200000,564000,6154000,0.69429,20292000,9690000,48000,86315,73472,208706,0,5939788,14352212,24042212,0.59696,0.00115,0.1348,0.11482,0.1508,0.30327,0.9573,0.03228,0.00209,0.00328
331510,00000,Ferrous metal foundries,United States,754,55951,4050932,52693,5666376,5038000,6135000,374000,279000,11826000,0.50071,23798000,1304000,46000,13726,90239,90732,0,1337143,22460857,23764857,0.94513,0.00221,0.2381,0.2117,0.25779,0.49693,0.95728,0.01888,0.00333,0.00522
331520,00000,Nonferrous metal foundries,United States,984,50674,3234172,42680,4483344,3973000,4485000,319000,195000,8972000,0.51388,18478000,186000,0,17035,242448,39084,0,154272,18323728,18509728,0.98995,0.00231,0.24263,0.21501,0.24272,0.48555,0.95729,0.01842,0.00366,0.00574
332114,00000,Custom roll forming,United States,203,6604,461269,7590,590728,566000,194000,19000,79000,858000,0.86574,6567000,34000,15000,-24008,8660,31090,0,78056,6488944,6522944,0.99479,0.00116,0.08995,0.08619,0.02954,0.13065,0.95729,0.01335,0.00061,0.00096
332119,00000,"Metal crown, closure, and other metal stamping (except automotive)",United States,1286,50598,3225834,49633,4062908,3893000,1514000,145000,190000,5742000,0.59035,14085000,914000,26000,-42450,217710,445605,0,1067904,13017096,13931096,0.93439,0.00352,0.28846,0.27639,0.10749,0.40767,0.95729,0.01818,0.00218,0.00342
33211A,00000,"All other forging, stamping, and sintering",United States,781,34929,2471288,39205,3105636,2993000,1128000,98000,142000,4361000,0.68933,14130000,67000,19000,-25252,91780,499922,0,112770,14017230,14084230,0.99524,0.00277,0.21979,0.21182,0.07983,0.30863,0.95729,0.01321,0.00147,0.00231
332200,00000,Cutlery and handtool manufacturing,United States,1427,37364,2593282,40977,3275686,3153000,1213000,81000,1097000,5544000,0.53303,11947000,3348000,25000,6941324,394692,327668,0,826557,11120443,14468443,0.7686,0.00343,0.27418,0.26392,0.10153,0.46405,0.9573,0.09491,0.00144,0.00225
332310,00000,Plate work and fabricated structural product manufacturing,United States,7056,172784,12068036,196909,15230161,14528000,5749000,387000,1352000,22016000,0.66132,65390000,5155000,139000,269748,2762186,394095,0,1532835,63857165,69012165,0.9253,0.00301,0.23291,0.22217,0.08792,0.33669,0.9573,0.02337,0.00125,0.00197
332320,00000,Ornamental and architectural metal products manufacturing,United States,9157,227143,14091436,223803,17917721,17113000,6459000,502000,2697000,26771000,0.57852,63757000,2341000,94000,96052,1891884,1014667,0,1418807,62338193,64679193,0.96381,0.00351,0.28103,0.26841,0.10131,0.41989,0.9573,0.04589,0.00167,0.00262
332410,00000,Power boiler and heat exchanger manufacturing,United States,423,18905,1481520,22316,1872709,1770000,695000,52000,410000,2927000,0.61459,7661000,1804000,20000,-1130,3775363,355986,0,1008162,6652838,8456838,0.78668,0.00291,0.24445,0.23104,0.09072,0.38207,0.95729,0.05661,0.00144,0.00226
332420,00000,Metal tank (heavy gauge) manufacturing,United States,980,36203,2572641,42578,3313865,3131000,1235000,103000,54000,4523000,0.58861,11051000,1666000,10000,-28307,4323504,58283,0,1595828,9455172,11121172,0.8502,0.00385,0.29987,0.28332,0.11175,0.40928,0.95729,0.00913,0.00198,0.0031
332430,00000,"Metal can, box, and other metal container (light gauge) manufacturing",United States,711,36702,2765331,43629,3521970,3385000,1343000,117000,274000,5119000,0.72012,18477000,1708000,45000,520443,339121,700342,0,1008829,17468171,19176171,0.91093,0.00236,0.19061,0.1832,0.07268,0.27705,0.95729,0.01771,0.00134,0.00211
332500,00000,Hardware manufacturing,United States,829,24108,1748292,26296,2208535,2099000,939000,71000,994000,4103000,0.61784,10796000,3799000,14000,1829470,376671,337298,0,1031679,9764321,13563321,0.71991,0.00244,0.20457,0.19442,0.08698,0.38005,0.9573,0.09507,0.00139,0.00219
332600,00000,Spring and wire product manufacturing,United States,1297,40473,2555926,40310,3289108,3104000,1199000,102000,298000,4703000,0.57892,11248000,3376000,17000,566714,76378,280902,0,1202693,10045307,13421307,0.74846,0.00358,0.29242,0.27596,0.1066,0.41812,0.9573,0.03062,0.00192,0.00301
332710,00000,Machine shops,United States,19213,263349,16592735,255625,21167885,20171000,7597000,737000,138000,28643000,0.4356,50752000,619000,0,325067,2683654,52635,0,859363,49892637,50511637,0.98775,0.00504,0.41708,0.39744,0.14969,0.56437,0.9573,0.00933,0.00308,0.00483
332720,00000,"Turned product and screw, nut, and bolt manufacturing",United States,2192,73466,5025576,76444,6360662,6110000,2343000,193000,1336000,9982000,0.70101,33473000,4821000,26000,1925537,255811,314449,0,3399726,30073274,34894274,0.86184,0.00228,0.19002,0.18254,0.07,0.29821,0.9573,0.04254,0.00122,0.00192
332800,00000,"Coating, engraving, heat treating and allied activities",United States,6324,128579,7629335,116009,9752832,9319000,3590000,320000,8000,13237000,0.57742,31365000,82000,0,-88891,115286,836840,0,412627,30952373,31034373,0.99736,0.0037,0.31095,0.29711,0.11446,0.42203,0.9573,0.0049,0.00216,0.00339
332913,00000,Plumbing fixture fitting and trim manufacturing,United States,253,11185,766465,12146,978720,946000,398000,25000,583000,1952000,0.68794,6328000,861000,18000,39254,49337,170173,0,183851,6144149,7005149,0.87709,0.00192,0.15466,0.14949,0.0629,0.30847,0.95729,0.09393,0.00084,0.00131
33291A,00000,Valve and fittings other than plumbing,United States,1633,75967,6053048,91490,7607208,7284000,2787000,221000,1664000,11956000,0.58772,29202000,12130000,68000,59620,3527718,615946,0,7056303,22145697,34275697,0.6461,0.00313,0.2605,0.24943,0.09544,0.40942,0.9573,0.06043,0.0016,0.00252
332991,00000,Ball and roller bearing manufacturing,United States,250,19615,1366417,22177,1736475,1675000,715000,67000,358000,2815000,0.49866,5645000,2655000,10000,3008,51857,269171,0,1375955,4269045,6924045,0.61655,0.00393,0.30761,0.29672,0.12666,0.49867,0.95729,0.06883,0.00252,0.00395
332996,00000,Fabricated pipe and pipe fitting manufacturing,United States,990,30847,2123792,32874,2651913,2535000,928000,70000,122000,3655000,0.52355,7685000,83000,0,3922,651674,-8097,0,145359,7539641,7622641,0.98911,0.00428,0.34508,0.32986,0.12075,0.4756,0.95729,0.02002,0.00193,0.00303
332999,00000,Other fabricated metal manufacturing,United States,4240,83387,5421544,87585,6897715,6564000,2425000,190000,909000,10088000,0.56362,23231000,8352000,42000,4185005,1032197,3210,0,5315994,17915006,26267006,0.68203,0.00377,0.29692,0.28255,0.10439,0.43425,0.9573,0.04285,0.00173,0.00272
33299A,00000,"Ammunition, arms, ordnance, and accessories manufacturing",United States,1138,55308,4594497,70158,5870907,5672000,2181000,18000,1383000,9254000,0.54983,20617000,2041000,14000,14602297,525078,-19725,0,2637844,17979156,20020156,0.89805,0.0034,0.28476,0.27511,0.10579,0.44885,0.95729,0.06748,0.00019,0.00029
333111,00000,Farm machinery and equipment manufacturing,United States,1582,68297,4856424,71924,6203448,6092000,5226000,250000,915000,12483000,0.55255,28099000,7878000,82000,91610,25288038,369874,0,5609788,22489212,30367212,0.74058,0.00256,0.22077,0.2168,0.18599,0.44425,0.9573,0.03662,0.00189,0.00296
333112,00000,Lawn and garden equipment manufacturing,United States,279,18086,1064265,17023,1434546,1394000,878000,57000,709000,3038000,0.5221,6410000,206000,15000,1472969,4415428,146214,0,106772,6303228,6509228,0.96835,0.00266,0.2238,0.21747,0.13697,0.47395,0.95729,0.11466,0.00189,0.00296
333120,00000,Construction machinery manufacturing,United States,1090,70468,5926779,78127,7654053,7519000,6312000,289000,959000,15079000,0.6063,38618000,13313000,118000,18337,35241010,3027765,0,7360638,31257362,44570362,0.7013,0.00202,0.1982,0.1947,0.16345,0.39047,0.9573,0.02824,0.00159,0.00249
333130,00000,Mining and oil and gas field machinery manufacturing,United States,1661,53737,5440754,69433,6900304,6661000,4342000,225000,639000,11867000,0.49696,23812000,1601000,106000,20064,16859501,28520,0,2578381,21233619,22834619,0.92989,0.00292,0.28978,0.27973,0.18235,0.49836,0.95729,0.03114,0.002,0.00314
333242,00000,Semiconductor machinery manufacturing,United States,367,28704,5304822,37543,6342009,6285000,2854000,243000,141000,9523000,0.31891,14035000,2797000,24000,17652,5175479,1132392,0,8679018,5355982,8152982,0.65694,0.00267,0.45187,0.44781,0.20335,0.67852,0.95729,0.01793,0.00367,0.00576
33329A,00000,Other industrial machinery manufacturing,United States,4678,101367,7953666,101153,9729306,9510000,5494000,378000,927000,16309000,0.5767,38731000,17888000,73000,1331924,31676963,1659444,0,14191195,24539805,42427805,0.57839,0.00261,0.2512,0.24554,0.14185,0.42108,0.9573,0.02838,0.00207,0.00324
333314,00000,Optical instrument and lens manufacturing,United States,937,27137,2335444,28867,2913647,2844000,1597000,123000,287000,4851000,0.35519,7543000,4544000,9000,80601,6315357,268244,0,3370511,4172489,8716489,0.47869,0.00383,0.38627,0.37704,0.21172,0.64311,0.95728,0.04548,0.00346,0.00542
333316,00000,Photographic and photocopying equipment manufacturing,United States,313,9054,779179,9633,972406,949000,533000,39000,166000,1687000,0.34108,2566000,915000,3000,1223222,1295532,175,0,267572,2298428,3213428,0.71526,0.00375,0.37896,0.36984,0.20772,0.65744,0.95726,0.07162,0.00322,0.00505
333318,00000,Other commercial and service industry machinery manufacturing,United States,1879,54431,4684324,57883,5841171,5703000,3200000,248000,665000,9816000,0.54841,21855000,6265000,53000,1273740,14317982,1574385,0,1397436,20457564,26722564,0.76555,0.00265,0.26727,0.26095,0.14642,0.44914,0.95727,0.0356,0.00241,0.00377
333413,00000,Industrial and commercial fan and blower and air purification equipment manufacturing,United States,827,31410,2111907,28702,2674885,2619000,1681000,92000,316000,4708000,0.44486,8517000,2397000,10000,7130,3287648,266373,0,1114172,7402828,9799828,0.7554,0.00337,0.31406,0.3075,0.19737,0.55278,0.95726,0.04202,0.00229,0.00359
333414,00000,Heating equipment (except warm air furnaces) manufacturing,United States,514,16056,1034530,14933,1325426,1297000,783000,46000,502000,2628000,0.5675,6134000,823000,14000,2189602,184961,167564,0,257291,5876709,6699709,0.87716,0.00243,0.21608,0.21144,0.12765,0.42843,0.95725,0.08526,0.00159,0.00249
333415,00000,"Air conditioning, refrigeration, and warm air heating equipment manufacturing",United States,1397,93887,6298299,88189,8143138,7893000,5183000,300000,2708000,16084000,0.62194,42880000,9714000,116000,5457463,10611420,2274796,0,3433192,39446808,49160808,0.8024,0.00206,0.18991,0.18407,0.12087,0.37509,0.95726,0.06634,0.00148,0.00233
333511,00000,Industrial mold manufacturing,United States,1548,33914,2243538,30806,2836779,2783000,1469000,109000,168000,4529000,0.39978,7566000,2598000,7000,-617,6947921,5823,0,805212,6760788,9358788,0.7224,0.00407,0.37494,0.36783,0.19416,0.5986,0.95726,0.02877,0.00305,0.00479
333514,00000,"Special tool, die, jig, and fixture manufacturing",United States,2730,54533,3735823,50518,4734841,4652000,2316000,170000,195000,7333000,0.3305,10981000,1451000,10000,-8169,8755634,395739,0,538613,10442387,11893387,0.878,0.0046,0.43118,0.42364,0.21091,0.66779,0.95726,0.02481,0.00328,0.00515
333517,00000,Machine tool manufacturing,United States,2091,41722,3064006,39802,3849033,3773000,1897000,156000,555000,6381000,0.41009,10861000,5914000,17000,613594,11657106,315569,0,1987346,8873654,14787654,0.60007,0.00366,0.35439,0.34739,0.17466,0.58751,0.95727,0.05764,0.00304,0.00478
33351B,00000,"Cutting and machine tool accessory, rolling mill, and other metalworking machinery manufacturing",United States,1524,32656,2395212,30706,2915390,2869000,1508000,108000,349000,4834000,0.50732,9866000,3226000,13000,15277,3089950,562410,0,1886962,7979038,11205038,0.71209,0.00311,0.2955,0.2908,0.15285,0.48997,0.95727,0.04036,0.00232,0.00364
333611,00000,Turbine and turbine generator set units manufacturing,United States,416,17853,1961458,23078,2405833,2334000,1440000,99000,306000,4179000,0.61165,10860000,3797000,27000,13277,6537865,-19475,0,5360255,5499745,9296745,0.59158,0.00213,0.22153,0.21492,0.1326,0.38481,0.95727,0.03233,0.00193,0.00303
333612,00000,"Speed changer, industrial high-speed drive, and gear manufacturing",United States,288,11410,790080,10219,997018,966000,620000,41000,168000,1795000,0.48644,3523000,3912000,6000,4152,142525,143479,0,2461872,1061128,4973128,0.21337,0.0029,0.283,0.2742,0.17599,0.50951,0.95729,0.05299,0.00247,0.00387
333613,00000,Mechanical power transmission equipment manufacturing,United States,338,13590,965790,12643,1220611,1180000,701000,51000,181000,2113000,0.6242,5648000,2652000,12000,5471,158573,42243,0,1572293,4075707,6727707,0.60581,0.00224,0.21611,0.20892,0.12411,0.37411,0.95727,0.03616,0.00191,0.003
333618,00000,Other engine equipment manufacturing,United States,377,45357,4440798,57071,5627474,5575000,3566000,205000,589000,9935000,0.67479,30912000,12067000,107000,546583,4621623,755800,0,9715603,21196397,33263397,0.63723,0.00185,0.18205,0.18035,0.11536,0.3214,0.95725,0.02208,0.00141,0.0022
333912,00000,Air and gas compressor manufacturing,United States,434,18495,1740309,22839,2179918,2132000,1280000,84000,190000,3686000,0.638,10275000,3810000,20000,4599,8820568,-5838,0,2533395,7741605,11551605,0.67018,0.00222,0.21216,0.20749,0.12457,0.35873,0.95726,0.02222,0.00173,0.00272
333914,00000,"Measuring, dispensing, and other pumping equipment manufacturing",United States,890,27452,2185734,29021,2723162,2669000,1648000,98000,276000,4691000,0.72539,17246000,5335000,40000,4954,10493438,299895,0,2993206,14252794,19587794,0.72764,0.00168,0.1579,0.15476,0.09556,0.27201,0.95727,0.01859,0.0012,0.00189
333920,00000,Material handling equipment manufacturing,United States,2158,90486,6776664,96999,8737166,8606000,5067000,310000,484000,14467000,0.64099,40562000,8843000,77000,54749,26600734,2004568,0,4800867,35761133,44604133,0.80174,0.00239,0.2154,0.21217,0.12492,0.35666,0.95727,0.01541,0.00162,0.00254
333991,00000,Power-driven handtool manufacturing,United States,247,12723,1012836,15151,1339325,1321000,864000,47000,733000,2965000,0.53757,6450000,1723000,13000,4811763,1947114,118300,0,195703,6254297,7977297,0.78401,0.00235,0.20765,0.20481,0.13395,0.45969,0.95725,0.11696,0.00154,0.00242
333993,00000,Packaging machinery manufacturing,United States,847,23876,1952843,25003,2383946,2334000,1374000,90000,121000,3919000,0.5737,9250000,3255000,12000,6136,6005374,52212,0,767624,8482376,11737376,0.72268,0.0027,0.25772,0.25232,0.14854,0.42368,0.95726,0.01751,0.00206,0.00323
333994,00000,Industrial process furnace and oven manufacturing,United States,365,9435,747528,10030,947920,935000,473000,38000,52000,1498000,0.54035,3282000,709000,4000,9734,1854087,68928,0,1150647,2131353,2840353,0.75038,0.00306,0.28882,0.28489,0.14412,0.45643,0.95725,0.02112,0.00245,0.00385
33399A,00000,Other general purpose machinery manufacturing,United States,2687,60627,4740079,60846,5838014,5716000,3067000,227000,726000,9736000,0.63421,26844000,14221000,75000,1319656,16959442,183819,0,10708531,16135469,30356469,0.53153,0.00227,0.21748,0.21293,0.11425,0.36269,0.95728,0.0309,0.00179,0.00281
33399B,00000,Fluid power process machinery,United States,681,33683,2764400,36902,3468912,3419000,2141000,119000,196000,5875000,0.55956,13435000,5715000,33000,28527,1467600,566887,0,2878841,10556159,16271159,0.64877,0.00275,0.2582,0.25448,0.15936,0.43729,0.95727,0.01862,0.00188,0.00294
334111,00000,Electronic computer manufacturing,United States,979,112734,34560403,137896,39140458,39112000,25117000,1888000,2386000,68503000,0.20046,85686000,37901000,8000,30975753,75940437,649186,0,7773845,77912155,115813155,0.67274,0.00161,0.45679,0.45646,0.29313,0.79947,0.95729,0.03788,0.00467,0.00733
334112,00000,Computer storage device manufacturing,United States,281,14913,2635182,18056,3119444,3128000,1719000,159000,306000,5312000,0.2455,7054000,3376000,4000,3718527,4056994,-226943,0,1257104,5796896,9172896,0.63196,0.00256,0.44222,0.44344,0.24369,0.75305,0.95729,0.05365,0.00478,0.00749
334118,00000,Computer terminals and other computer peripheral equipment manufacturing,United States,978,33013,4747160,36538,5641064,5652000,2947000,288000,748000,9635000,0.33248,14468000,14785000,17000,7049578,7494006,118058,0,2012639,12455361,27240361,0.45724,0.00253,0.3899,0.39066,0.20369,0.66595,0.9573,0.06077,0.00422,0.00662
334210,00000,Telephone apparatus manufacturing,United States,462,15755,2262963,17577,2645355,2647000,1233000,126000,218000,4224000,0.35069,6600000,3796000,58000,290593,4233505,246175,0,733989,5866011,9662011,0.60712,0.00266,0.40081,0.40106,0.18682,0.64,0.95729,0.04173,0.00405,0.00635
334220,00000,Broadcast and wireless communications equipment,United States,1519,51165,6216492,52861,7451094,7451000,3651000,422000,988000,12512000,0.26656,17296000,17245000,164000,4326578,17965826,422788,0,2716120,14579880,31824880,0.45813,0.00306,0.4308,0.43079,0.21109,0.7234,0.9573,0.06824,0.00517,0.00811
334290,00000,Other communications equipment manufacturing,United States,784,18959,1813022,16965,2153463,2155000,933000,119000,115000,3322000,0.31585,4886000,840000,19000,69827,1166003,92502,0,238512,4647488,5487488,0.84692,0.00347,0.44074,0.44106,0.19095,0.6799,0.95729,0.03463,0.00516,0.0081
334300,00000,Audio and video equipment manufacturing,United States,984,19565,2712577,21417,3174988,3192000,1814000,146000,1431000,6583000,0.27277,9109000,6806000,27000,12045284,1867150,-27808,0,509277,8599723,15405723,0.55822,0.00235,0.34856,0.35042,0.19914,0.72269,0.9573,0.1644,0.0034,0.00533
334413,00000,Semiconductor and related device manufacturing,United States,2190,198550,38225068,236292,44931041,45093000,28049000,2495000,609000,76246000,0.21895,97861000,30059000,163000,692805,14747979,1260563,0,24285578,73575422,103634422,0.70995,0.00241,0.45913,0.46079,0.28662,0.77913,0.95729,0.01784,0.0054,0.00848
334418,00000,Printed circuit assembly (electronic assembly) manufacturing,United States,1241,57835,4047698,40353,4910631,4923000,2248000,241000,174000,7586000,0.3586,11910000,862000,41000,84523,425221,787626,0,1161768,10748232,11610232,0.92576,0.00339,0.41231,0.41335,0.18875,0.63694,0.95729,0.02383,0.00429,0.00673
33441A,00000,Other electronic component manufacturing,United States,3164,128049,10576194,99143,12778751,12842000,6097000,695000,477000,20111000,0.20319,25291000,15174000,36000,272130,2169394,622633,0,5840353,19450647,34624647,0.56176,0.00392,0.50527,0.50777,0.24107,0.79518,0.9573,0.03138,0.00583,0.00914
334510,00000,Electromedical and electrotherapeutic apparatus manufacturing,United States,2111,77052,9521388,77116,11099542,11141000,6006000,504000,589000,18240000,0.3968,30662000,6604000,253000,6408867,19684346,296781,0,4122304,26539696,33143696,0.80075,0.00252,0.362,0.36335,0.19588,0.59487,0.95729,0.0267,0.00348,0.00546
334511,00000,"Search, detection, and navigation instruments manufacturing",United States,1156,124744,16198505,144567,19881750,19901000,8882000,1187000,415000,30385000,0.31585,44669000,7199000,162000,158597,28572444,-189448,0,4510261,40158739,47357739,0.84799,0.00324,0.44509,0.44552,0.19884,0.68023,0.95728,0.0214,0.00563,0.00883
334512,00000,Automatic environmental control manufacturing,United States,514,13564,1149441,11374,1357227,1359000,574000,75000,53000,2061000,0.27045,2836000,1328000,3000,12767,142850,59358,0,130772,2705228,4033228,0.67074,0.00401,0.47857,0.4792,0.2024,0.72673,0.95729,0.03074,0.00561,0.00879
334513,00000,Industrial process variable instruments manufacturing,United States,2102,56213,4754462,46898,5721753,5750000,2559000,305000,155000,8769000,0.12147,10017000,5392000,20000,14343,5591649,36810,0,4129751,5887249,11279249,0.52195,0.00468,0.5712,0.57402,0.25547,0.87541,0.9573,0.02934,0.00645,0.01012
334514,00000,Totalizing fluid meter and counting device manufacturing,United States,244,8616,704150,7595,836491,847000,368000,42000,56000,1313000,0.56913,3135000,2064000,27000,4649,1287931,-16755,0,144473,2990527,5054527,0.59165,0.00242,0.26682,0.27018,0.11738,0.41882,0.95729,0.02397,0.00284,0.00445
334515,00000,Electricity and signal testing instruments manufacturing,United States,1269,38279,5012583,37142,5883874,5918000,3317000,322000,145000,9702000,0.29654,13911000,5374000,75000,73111,8968425,320281,0,5266517,8644483,14018483,0.61665,0.00267,0.42297,0.42542,0.23844,0.69743,0.9573,0.02097,0.00491,0.0077
334516,00000,Analytical laboratory instrument manufacturing,United States,1190,48303,5649339,40233,6489054,6523000,3645000,359000,163000,10690000,0.27864,14941000,5200000,71000,78476,9869641,33094,0,5321175,9619825,14819825,0.64912,0.00269,0.43431,0.43658,0.24396,0.71548,0.95729,0.02186,0.00509,0.00799
334517,00000,Irradiation apparatus manufacturing,United States,297,14685,1683018,15265,2003272,2007000,927000,105000,103000,3142000,0.35992,4964000,2209000,22000,37662,4952338,60468,0,1515388,3448612,5657612,0.60955,0.00308,0.40356,0.40431,0.18674,0.63296,0.95729,0.03039,0.00448,0.00703
33451A,00000,"Watch, clock, and other measuring and controlling device manufacturing",United States,1377,39557,5330540,34539,5463633,5476000,3020000,294000,759000,9549000,0.30777,13830000,3795000,16000,8182882,4569328,-61090,0,1487185,12342815,16137815,0.76484,0.0025,0.39506,0.39595,0.21837,0.69046,0.95729,0.06456,0.00451,0.00707
334610,00000,Manufacturing and reproducing magnetic and optical media,United States,1585,12211,1747880,12059,2022939,2027000,1107000,108000,33000,3275000,0.16773,3946000,443000,7000,408119,216445,-6654,0,276810,3669190,4112190,0.89227,0.00306,0.51266,0.51368,0.28054,0.82995,0.95729,0.02083,0.0058,0.0091
335110,00000,Electric lamp bulb and part manufacturing,United States,594,12435,984707,11743,1160465,1144000,573000,43000,261000,2021000,0.27451,2802000,815000,5000,1635881,81033,31604,0,184919,2617081,3432081,0.76253,0.00419,0.41416,0.40828,0.2045,0.72127,0.95729,0.10014,0.00325,0.0051
335120,00000,Lighting fixture manufacturing,United States,1282,27787,2016505,26791,2603828,2568000,1168000,98000,760000,4594000,0.55755,10445000,6725000,18000,2620167,1188520,220145,0,464498,9980502,16705502,0.59744,0.00256,0.24929,0.24586,0.11182,0.43983,0.9573,0.07704,0.00199,0.00312
335210,00000,Small electrical appliance manufacturing,United States,363,12545,889815,12629,1234669,1229000,689000,46000,475000,2439000,0.50439,4956000,3850000,7000,6182686,347293,87903,0,256452,4699548,8549548,0.54968,0.00255,0.24913,0.24798,0.13902,0.49213,0.9573,0.10007,0.00197,0.00309
335220,00000,Major household appliance manufacturing,United States,322,52334,3753251,57658,5463409,5470000,3483000,148000,2243000,11344000,0.55279,25441000,10845000,35000,22221888,6962777,586209,0,1078427,24362573,35207573,0.69197,0.00227,0.21475,0.21501,0.1369,0.44589,0.95728,0.09081,0.00123,0.00193
335311,00000,"Power, distribution, and specialty transformer manufacturing",United States,558,26650,2015429,27658,2713947,2702000,1298000,89000,135000,4224000,0.39432,6999000,2532000,9000,17260,7765401,94490,0,379738,6619262,9151262,0.72332,0.00395,0.38776,0.38606,0.18546,0.60351,0.95729,0.02508,0.0027,0.00423
335312,00000,Motor and generator manufacturing,United States,742,37164,2823981,39954,3857217,3827000,1634000,109000,715000,6285000,0.5739,14826000,10463000,22000,445871,4554486,508735,0,3598307,11227693,21690693,0.51763,0.00269,0.26017,0.25813,0.11021,0.42392,0.9573,0.05158,0.00156,0.00244
335313,00000,Switchgear and switchboard apparatus manufacturing,United States,783,35929,2910416,37667,3840942,3797000,1752000,129000,433000,6111000,0.60271,15466000,4790000,25000,318210,8077285,273921,0,1520354,13945646,18735646,0.74434,0.00244,0.24835,0.24551,0.11328,0.39512,0.95729,0.0318,0.00177,0.00277
335314,00000,Relay and industrial control manufacturing,United States,933,42117,3767476,49337,5052646,5063000,2244000,158000,505000,7970000,0.40846,13528000,8190000,21000,18022,4324656,395395,0,4685506,8842494,17032494,0.51915,0.00365,0.3735,0.37426,0.16588,0.58915,0.9573,0.04265,0.00248,0.00388
335911,00000,Storage battery manufacturing,United States,365,25713,2169229,28329,2959372,2941000,928000,104000,734000,4707000,0.6576,13845000,6638000,19000,7270268,267265,189564,0,1665210,12179790,18817790,0.64725,0.00205,0.21375,0.21242,0.06703,0.33998,0.95729,0.05644,0.00159,0.0025
335912,00000,Primary battery manufacturing,United States,244,17173,1448816,18957,1982824,1967000,622000,59000,258000,2906000,0.34802,4476000,576000,3000,4310426,122551,8978,0,411233,4064767,4640767,0.87588,0.00424,0.44299,0.43945,0.13896,0.64924,0.95728,0.06365,0.00279,0.00438
335920,00000,Communication and energy wire and cable manufacturing,United States,526,25387,1936567,27579,2694172,2665000,1262000,93000,480000,4500000,0.69152,14716000,7904000,35000,31773,938750,386233,0,3820070,10895930,18799930,0.57957,0.00187,0.18308,0.1811,0.08576,0.30579,0.9573,0.0355,0.00134,0.0021
335930,00000,Wiring device manufacturing,United States,783,40080,3035326,41760,4137712,4088000,1890000,144000,902000,7024000,0.55766,16011000,3208000,46000,38412,505042,197802,0,1993697,14017303,17225303,0.81376,0.00261,0.25843,0.25532,0.11804,0.4387,0.95729,0.06043,0.00191,0.00299
335991,00000,Carbon and graphite product manufacturing,United States,251,9026,708470,9288,922092,918000,533000,29000,47000,1527000,0.62824,4145000,1275000,10000,1207,50705,2480,0,1056344,3088656,4363656,0.70781,0.00224,0.22246,0.22147,0.12859,0.3684,0.95729,0.01453,0.00148,0.00233
335999,00000,All other miscellaneous electrical equipment and component manufacturing,United States,1779,33849,3039836,35473,4019162,3976000,1544000,127000,454000,6101000,0.63248,16714000,9477000,30000,530296,14687565,65143,0,3587153,13126847,22603847,0.58074,0.00212,0.24047,0.23788,0.09238,0.36502,0.9573,0.03062,0.00161,0.00253
336111,00000,Automobile manufacturing,United States,167,71085,6565490,76028,7682432,7423000,5408000,359000,4404000,17594000,0.662,53077000,24160000,344000,31481395,34156014,2823445,0,7236760,45840240,70000240,0.65486,0.00143,0.14474,0.13985,0.10189,0.33148,0.95722,0.08605,0.00143,0.00225
336112,00000,Light truck and utility vehicle manufacturing,United States,392,166035,15335242,177576,17937909,17338000,12632000,887000,16165000,47022000,0.82843,277487000,104005000,561000,199654795,154064625,7242707,0,20462934,257024066,361029066,0.71192,0.00064,0.06464,0.06248,0.04552,0.16946,0.95723,0.05971,0.00068,0.00106
336120,00000,Heavy duty truck manufacturing,United States,238,37701,2725767,41513,3739273,3621000,2188000,206000,1337000,7352000,0.8028,37886000,12602000,109000,318027,42234066,218593,0,5645242,32240758,44842758,0.71897,0.0011,0.0987,0.09558,0.05775,0.19406,0.95728,0.03777,0.00115,0.00181
336211,00000,Motor vehicle body manufacturing,United States,883,54471,3429087,53215,4551312,4280000,2864000,218000,914000,8276000,0.59518,20447000,1979000,0,602980,13398185,4079,0,1834416,18612584,20591584,0.90389,0.0026,0.22259,0.20932,0.14007,0.40475,0.95729,0.04956,0.00226,0.00354
336212,00000,Truck trailer manufacturing,United States,711,41006,2351128,39269,3064637,2985000,2066000,145000,706000,5902000,0.65965,17394000,1605000,0,41733,17089768,82619,0,1324918,16069082,17674082,0.90919,0.00226,0.17619,0.17161,0.11878,0.33931,0.95729,0.04439,0.00177,0.00277
336213,00000,Motor home manufacturing,United States,70,20951,1372013,21362,1866546,1801000,1357000,74000,465000,3697000,0.66923,11191000,183000,0,9737747,1132707,203517,0,265733,10925267,11108267,0.98353,0.00191,0.16679,0.16093,0.12126,0.33035,0.95722,0.04456,0.0014,0.0022
336214,00000,Travel trailer and camper manufacturing,United States,855,53859,3480144,56988,4668334,4518000,3528000,209000,1203000,9458000,0.69272,30841000,1051000,0,24362134,2437421,571704,0,774380,30066620,31117620,0.96622,0.00185,0.15137,0.14649,0.11439,0.30667,0.95729,0.04209,0.00144,0.00225
336310,00000,Motor vehicle gasoline engine and engine parts manufacturing,United States,933,56036,3998946,57689,5059283,4825000,3443000,252000,1365000,9885000,0.76458,42736000,12572000,158000,7328509,1037927,507414,0,5325009,37410991,49982991,0.74847,0.00135,0.11838,0.1129,0.08056,0.2313,0.95726,0.03463,0.00125,0.00196
336320,00000,Motor vehicle electrical and electronic equipment manufacturing,United States,909,58316,4086015,56773,5213844,5003000,3836000,227000,1014000,10080000,0.68347,32051000,11460000,50000,7304119,1187673,554852,0,3266895,28784105,40244105,0.71524,0.00177,0.16267,0.15609,0.11968,0.3145,0.95726,0.03486,0.0015,0.00235
336350,00000,Motor vehicle transmission and power train parts manufacturing,United States,625,77710,5863592,84304,7770953,7384000,5472000,365000,1234000,14455000,0.70238,49078000,11940000,137000,6700750,1477884,365059,0,4435952,44642048,56582048,0.78898,0.00172,0.15834,0.15045,0.1115,0.29453,0.95724,0.02853,0.00158,0.00247
336360,00000,Motor vehicle seating and interior trim manufacturing,United States,619,73055,4385914,66536,5824943,5598000,4375000,278000,199000,10450000,0.7327,40096000,7769000,247000,176200,2027399,-91950,0,2182838,37913162,45682162,0.82993,0.00166,0.14527,0.13961,0.10911,0.26062,0.95724,0.00812,0.00147,0.00231
336370,00000,Motor vehicle metal stamping,United States,585,80649,5406350,79290,7147854,6841000,5046000,331000,161000,12379000,0.72571,45573000,754000,114000,88601,1989274,175166,0,1735276,43837724,44591724,0.98309,0.00174,0.15684,0.15011,0.11072,0.27163,0.95722,0.00684,0.00154,0.00241
336390,00000,Other motor vehicle parts manufacturing,United States,1976,149910,9458213,140605,12341403,11841000,8399000,515000,2144000,22899000,0.72511,84049000,25471000,189000,12597291,3144936,557338,0,21321389,62727611,88198611,0.71121,0.00167,0.14684,0.14088,0.09993,0.27245,0.95726,0.0283,0.0013,0.00204
3363A0,00000,"Motor vehicle steering, suspension component (except spring), and brake systems manufacturing",United States,561,54333,3689025,54551,4825250,4578000,3194000,213000,1041000,9026000,0.72291,32926000,8959000,83000,3370645,1430514,602599,0,3658514,29267486,38226486,0.76563,0.00166,0.14655,0.13904,0.09701,0.27413,0.95725,0.03456,0.00137,0.00215
336411,00000,Aircraft manufacturing,United States,1003,221160,26479611,243566,32724743,32712000,32693000,1160000,428000,66993000,0.53729,145029000,11251000,110000,2369089,68810886,435991,0,38638984,106390016,117641016,0.90436,0.00168,0.22564,0.22555,0.22542,0.46193,0.9572,0.00659,0.0017,0.00266
336412,00000,Aircraft engine and engine parts manufacturing,United States,838,80509,8390144,83956,10701313,10590000,9973000,435000,126000,21124000,0.55298,47687000,11646000,177000,70466,3301854,447530,0,29851692,17835308,29481308,0.60497,0.00176,0.22441,0.22207,0.20913,0.44297,0.95726,0.0068,0.00193,0.00303
336413,00000,Other aircraft parts and auxiliary equipment manufacturing,United States,1803,100053,8537208,87219,10754828,10677000,9142000,436000,113000,20368000,0.45152,37238000,11702000,44000,56897,2328181,337056,0,13891861,23346139,35048139,0.66612,0.00234,0.28881,0.28672,0.2455,0.54697,0.95726,0.00837,0.00248,0.00389
336414,00000,Guided missile and space vehicle manufacturing,United States,241,71729,10887058,96135,13959279,13896000,9432000,522000,19000,23869000,0.19232,29564000,510000,0,137764,16196707,501627,0,2037365,27526635,28036635,0.98181,0.00325,0.47217,0.47003,0.31904,0.80737,0.95712,0.00869,0.00374,0.00587
33641A,00000,Propulsion units and parts for space vehicles and guided missiles,United States,146,23374,2559559,24332,3156352,2990000,1981000,107000,20000,5098000,0.59698,12680000,759000,0,92211,3331759,518998,0,1354184,11325816,12084816,0.93719,0.00192,0.24892,0.2358,0.15623,0.40205,0.9572,0.00542,0.00179,0.00281
336500,00000,Railroad rolling stock manufacturing,United States,371,20245,1649390,19013,2188643,2158000,1328000,83000,88000,3657000,0.75356,15065000,2470000,41000,3160,9978088,370693,0,1560748,13504252,15974252,0.84538,0.00126,0.14528,0.14325,0.08815,0.24275,0.95725,0.00835,0.00117,0.00183
336611,00000,Ship building and repairing,United States,1010,131038,11202350,93692,10386912,10340000,7721000,508000,57000,18626000,0.28581,26100000,514000,0,161400,17657279,381106,0,640540,25459460,25973460,0.98021,0.00359,0.39797,0.39617,0.29582,0.71364,0.95722,0.01105,0.00413,0.00647
336612,00000,Boat building,United States,1136,51301,2876478,40900,3881038,3815000,3199000,130000,661000,7805000,0.55122,17440000,1276000,9000,15931467,1257831,226952,0,635749,16804251,18080251,0.92943,0.00235,0.22254,0.21875,0.18343,0.44753,0.95725,0.0413,0.00158,0.00248
336991,00000,"Motorcycle, bicycle, and parts manufacturing",United States,586,11568,789060,9357,1149246,1009000,745000,37000,396000,2187000,0.39022,3611000,1388000,0,4516406,118684,38341,0,125436,3485564,4873564,0.7152,0.00259,0.31826,0.27942,0.20631,0.60565,0.95726,0.11433,0.00217,0.00341
336992,00000,"Military armored vehicle, tank, and tank component manufacturing",United States,101,8189,709032,7897,940522,900000,507000,24000,42000,1473000,0.59756,3688000,456000,0,176553,1396611,193589,0,670756,3017244,3473244,0.86871,0.00214,0.25502,0.24403,0.13747,0.3994,0.95722,0.01435,0.00138,0.00216
336999,00000,All other transportation equipment manufacturing,United States,666,20921,1315300,16995,1734573,1713000,1800000,63000,436000,4012000,0.58892,9795000,553000,0,7214739,1284669,168593,0,210795,9584205,10137205,0.94545,0.00174,0.17709,0.17489,0.18377,0.4096,0.95725,0.04744,0.00136,0.00214
337110,00000,Wood kitchen cabinet and countertop manufacturing,United States,8133,122727,6242676,131810,8196445,7703000,1963000,160000,1559000,11385000,0.45037,20757000,1263000,14000,26369,551164,317368,0,93994,20663006,21926006,0.9424,0.00635,0.39488,0.3711,0.09457,0.54849,0.95731,0.07862,0.00163,0.00256
337121,00000,Upholstered household furniture manufacturing,United States,889,54240,2536059,59828,3342190,3254000,598000,52000,1029000,4933000,0.64327,13942000,3327000,27000,15991502,670850,117019,0,147254,13794746,17121746,0.80569,0.00429,0.23972,0.2334,0.04289,0.35382,0.95731,0.0755,0.00079,0.00124
337122,00000,Nonupholstered wood household furniture manufacturing,United States,2612,30158,1435423,30073,1865952,1732000,364000,31000,500000,2627000,0.48193,5095000,2483000,9000,6917727,326597,49467,0,115025,4979975,7462975,0.66729,0.0059,0.36623,0.33994,0.07144,0.5156,0.95731,0.10091,0.00129,0.00202
337127,00000,Institutional furniture manufacturing,United States,726,23183,1349140,26501,1749031,1625000,316000,28000,138000,2107000,0.58098,5071000,4705000,9000,28364,8064220,195875,0,814962,4256038,8961038,0.47495,0.00523,0.34491,0.32045,0.06232,0.4155,0.95731,0.02973,0.00117,0.00184
33712N,00000,Other household nonupholstered furniture,United States,615,11312,630639,12327,830530,768000,188000,11000,372000,1339000,0.68183,4236000,1375000,0,5022552,180795,53230,0,29212,4206788,5581788,0.75366,0.00291,0.19606,0.1813,0.04438,0.3161,0.95731,0.089,0.00055,0.00086
337215,00000,"Showcase, partition, shelving, and locker manufacturing",United States,1374,38348,2247281,43747,2910175,2736000,633000,46000,231000,3646000,0.51215,7515000,3873000,12000,700291,4845805,183028,0,456478,7058522,10931522,0.6457,0.00582,0.38725,0.36407,0.08423,0.48516,0.95731,0.03353,0.0013,0.00204
33721A,00000,Office furniture and custom architectural woodwork and millwork manufacturing,United States,2979,61728,3960481,71350,5000109,4736000,1133000,86000,337000,6292000,0.66745,19028000,1813000,23000,224593,12016915,306951,0,286522,18741478,20554478,0.9118,0.00375,0.26278,0.2489,0.05954,0.33067,0.95731,0.01977,0.00096,0.0015
337900,00000,Other furniture related product manufacturing,United States,1078,34911,1904470,37245,2445915,2314000,644000,45000,1072000,4075000,0.64936,11656000,1041000,2000,11846811,417242,55644,0,78143,11577857,12618857,0.9175,0.0032,0.20984,0.19852,0.05525,0.34961,0.95731,0.09373,0.00082,0.00128
339112,00000,Surgical and medical instrument manufacturing,United States,3476,140516,13614383,190013,19631974,18598000,12312000,572000,537000,32019000,0.35793,50028000,9682000,100000,1214562,24409247,1197174,0,9587198,40440802,50122802,0.80683,0.0038,0.39242,0.37175,0.2461,0.64002,0.95727,0.01594,0.00242,0.0038
339113,00000,Surgical appliance and supplies manufacturing,United States,3489,105411,9116317,138601,13355834,12463000,8245000,353000,984000,22045000,0.41826,38098000,9838000,111000,16159999,8907664,589565,0,4510966,33587034,43425034,0.77345,0.00364,0.35057,0.32713,0.21642,0.57864,0.95727,0.03005,0.00196,0.00308
339114,00000,Dental equipment and supplies manufacturing,United States,778,16546,1250559,19841,1868421,1716000,925000,50000,53000,2744000,0.49003,5423000,1236000,13000,22216,2523295,22576,0,678770,4744230,5980230,0.79332,0.00366,0.34454,0.31643,0.17057,0.50599,0.95726,0.01397,0.00195,0.00307
339115,00000,Ophthalmic goods manufacturing,United States,645,24336,1840058,29019,2810696,2571000,1268000,67000,269000,4175000,0.40536,7060000,1654000,14000,7160267,513711,-3032,0,357898,6702102,8356102,0.80206,0.00411,0.39812,0.36416,0.1796,0.59136,0.95726,0.04243,0.00201,0.00316
339116,00000,Dental laboratories,United States,5236,45965,2444555,42477,3900854,3524000,1864000,119000,73000,5580000,0.33567,8420000,69000,8000,21240,890800,59702,0,81383,8338617,8407617,0.99179,0.00504,0.46328,0.41853,0.22138,0.66271,0.95725,0.01511,0.003,0.0047
339910,00000,Jewelry and silverware manufacturing,United States,2240,23064,1396865,25000,2252333,1964000,1042000,69000,701000,3776000,0.58889,9251000,2893000,28000,9482560,144253,-4810,0,1171022,8079978,10972978,0.73635,0.0027,0.24347,0.2123,0.11264,0.40817,0.95729,0.07917,0.00158,0.00248
339920,00000,Sporting and athletic goods manufacturing,United States,2249,46792,3121663,55874,5034547,4404000,2460000,59000,1049000,7972000,0.45885,14789000,3729000,26000,15952556,1268400,71687,0,444633,14344367,18073367,0.79367,0.00378,0.34043,0.29779,0.16634,0.53905,0.95729,0.07275,0.00085,0.00133
339930,00000,"Doll, toy, and game manufacturing",United States,867,11459,1172676,18043,1808218,1636000,727000,45000,253000,2661000,0.22285,3431000,1337000,2000,4272252,103629,-72,0,60913,3370087,4707087,0.71596,0.00526,0.52702,0.47683,0.21189,0.77558,0.95729,0.07971,0.00278,0.00436
339940,00000,Office supplies (except paper) manufacturing,United States,517,10444,635650,11049,1077427,899000,505000,28000,207000,1639000,0.53464,3546000,1099000,5000,2792024,110920,-11109,0,142594,3403406,4502406,0.75591,0.00312,0.30384,0.25353,0.14241,0.46221,0.95729,0.06197,0.00167,0.00263
339950,00000,Sign manufacturing,United States,7490,74655,4302232,77050,6958594,6063000,3511000,208000,95000,9877000,0.42624,17274000,465000,25000,124023,10862535,75746,0,548669,16725331,17190331,0.97295,0.00446,0.40284,0.35099,0.20325,0.57178,0.95729,0.01098,0.00255,0.004
339990,00000,All other miscellaneous manufacturing,United States,9041,126048,8226365,140021,13032603,11302000,7117000,364000,1655000,20438000,0.43984,36595000,7876000,47000,26359771,3515241,423790,0,2877140,33717860,41593860,0.81065,0.00383,0.35613,0.30884,0.19448,0.55849,0.9573,0.04976,0.00211,0.00331
4200ID,00000,Customs duties,United States,0,0,0,0,0,0,0,0,0,0,0.0,0,0,0,0,0,0,0,0,0,0,0.0,0.0,0.0,0.0,0.0,0.0,0.0,0.0,0.0,0.0
423100,00000,Motor vehicle and motor vehicle parts and supplies,United States,26802,365821,26846139,375561,38165663,35123000,29558000,248000,14785000,79714000,0.77408,356030000,35452000,717000,188384233,-40333996,6217278,0,17125418,338904582,374356582,0.9053,0.00105,0.1072,0.09865,0.08302,0.2239,0.9053,0.00032,0.03228,0.00962
423400,00000,Professional and commercial equipment and supplies,United States,71496,730398,93980112,920474,108561125,100285000,83077000,682000,12079000,196123000,0.65499,571367000,93107000,923000,131956070,110411085,3371026,0,37695290,533671710,626778710,0.85145,0.00161,0.19,0.17552,0.1454,0.34325,0.85145,0.00054,0.01661,0.00518
423600,00000,Household appliances and electrical and electronic goods ,United States,37996,362724,39046484,462819,51569133,47548000,39478000,414000,16858000,104298000,0.80143,532639000,137940000,1383000,91626740,89374569,5948769,0,31689979,500949021,638889021,0.78409,0.00087,0.09682,0.08927,0.07412,0.19581,0.78409,0.00035,0.02466,0.00742
423800,00000,"Machinery, equipment, and supplies",United States,74758,725882,64503284,887571,90616559,83501000,71658000,437000,11262000,166858000,0.66339,499160000,57230000,1108000,42749773,98323308,6816230,0,33107392,466052608,523282608,0.89063,0.00178,0.18154,0.16728,0.14356,0.33428,0.89063,0.0004,0.01765,0.00539
423A00,00000,Other durable goods merchant wholesalers,United States,117263,1117805,92122106,1244462,130185912,119620000,99294000,512000,23586000,243012000,0.72203,879042000,96116000,1242000,181424499,4951047,6754980,0,35894669,843147331,939263331,0.89767,0.00142,0.1481,0.13608,0.11296,0.27645,0.89767,0.00027,0.02089,0.00626
424200,00000,Drugs and druggists’ sundries,United States,23075,256502,38752767,334550,39531830,36486000,29424000,702000,10252000,76864000,0.81498,418125000,64899000,458000,193021786,47858,3777315,0,24439134,393685866,458584866,0.85848,0.0008,0.09455,0.08726,0.07037,0.18383,0.85848,0.00076,0.01933,0.0061
424400,00000,Grocery and related product wholesalers ,United States,47791,791576,56892723,787532,80115138,73734000,60295000,1425000,5618000,141072000,0.71967,506436000,21632000,875000,176679445,79436,-1317350,0,18535317,487900683,509532683,0.95755,0.00156,0.15819,0.14559,0.11906,0.27856,0.9512,0.00128,0.00918,0.00344
424700,00000,Petroleum and petroleum products,United States,8517,100120,10519536,150414,14916173,13693000,12569000,6000,6008000,32276000,0.76978,143956000,7866000,863000,25660482,13743,862555,0,12507868,131448132,139314132,0.94354,0.00104,0.10362,0.09512,0.08731,0.22421,0.94354,2e-05,0.04035,0.00141
424A00,00000,Other nondurable goods merchant wholesalers,United States,99974,1015618,82168982,1079776,112317870,103208000,85284000,272000,22339000,211103000,0.7519,855128000,50028000,926000,260955684,1004359,-3893408,0,41918370,813209630,863237630,0.94205,0.00126,0.13135,0.12069,0.09973,0.24687,0.94205,0.00014,0.02028,0.00601
425000,00000,Wholesale electronic markets and agents and brokers,United States,127563,512981,62325303,514676,57479352,53130000,44416000,11179000,1701000,110426000,0.33105,165398000,16088000,236000,11750454,33318353,402168,0,8211461,157186539,173274539,0.90715,0.00311,0.34752,0.32123,0.26854,0.66764,0.90715,0.03079,0.02229,0.0248
441000,00000,Motor vehicle and parts dealers,United States,122017,1991126,139818886,2171990,181498114,162259000,115345000,3488000,24404000,305496000,0.61396,791642000,137402000,69000,235883866,125635634,9572390,0,49096191,742545809,879947809,0.84385,0.00274,0.22927,0.20497,0.1457,0.3859,0.84385,0.00201,0.02479,0.00844
444000,00000,Building material and garden equipment and supplies dealers,United States,72651,1436319,60220932,1495521,72676261,70161000,61071000,2219000,4999000,138450000,0.65667,403410000,38573000,0,6860491,14729162,2824287,0,46935899,356474101,395047101,0.90236,0.00371,0.18015,0.17392,0.15139,0.3432,0.90236,0.00251,0.01076,0.00463
445000,00000,Food and beverage stores,United States,157460,3165639,98283161,3304095,132711133,121414000,57346000,3609000,12865000,195234000,0.67514,602734000,29652000,508000,249630713,11330,-470868,0,21918769,580815231,610467231,0.95143,0.00548,0.22018,0.20144,0.09514,0.32391,0.95025,0.00273,0.01779,0.00682
446000,00000,Health and personal care stores,United States,118133,1105254,51580239,1288208,58869905,55568000,48276000,3994000,8140000,115978000,0.65352,335175000,55865000,123000,164335381,30214,3297831,0,21400490,313774510,369639510,0.84887,0.00384,0.17564,0.16579,0.14403,0.34602,0.84887,0.00543,0.02132,0.00945
447000,00000,Gasoline stations,United States,117695,1038336,33032181,1003712,46198675,34923000,30509000,1318000,14153000,80903000,0.72756,297622000,15001000,107000,73488129,9284,542475,0,24856863,272765137,287766137,0.94787,0.00337,0.15523,0.11734,0.10251,0.27183,0.94787,0.00202,0.03774,0.01223
448000,00000,Clothing and clothing accessories stores,United States,119237,1148101,37370007,1356835,44497178,40062000,34939000,1574000,20426000,97001000,0.74247,377593000,50392000,208000,216891978,-29594443,4863589,0,10777055,366815945,417207945,0.87922,0.00359,0.11784,0.1061,0.09253,0.25689,0.87922,0.0019,0.04275,0.01362
452000,00000,General merchandise stores,United States,77124,3228855,101852487,3168590,116833542,114934000,25005000,2672000,27520000,170131000,0.67639,528758000,110471000,954000,289767008,41472732,5466527,0,12078521,516679479,627150479,0.82385,0.00599,0.22096,0.21737,0.04729,0.32176,0.82385,0.0023,0.04135,0.01345
454000,00000,Nonstore retailers,United States,0,0,0,2324162,75150487,64547000,56432000,4125000,44138000,169242000,0.80401,884571000,185727000,4006000,467133773,82737434,10071604,0,21344530,863226470,1048953470,0.82294,0.00263,0.08496,0.07297,0.0638,0.19133,0.82294,0.00212,0.0396,0.01283
481000,00000,Air transportation,United States,6902,510739,49997998,549614,74062176,67254000,55353000,4141000,25873000,152621000,0.47431,328074000,49804000,19816000,226014743,3630612,266890,0,41156079,286917921,336721921,0.85209,0.00168,0.22575,0.205,0.16872,0.4652,0.85209,0.03075,0.02961,0.03113
482000,00000,Rail transportation,United States,146,1162,88255,152864,20389245,20661000,31390000,1659000,1762000,55472000,0.69442,181857000,17930000,113000,41970362,1930330,1012881,0,14630335,167226665,185156665,0.90316,0.00084,0.11212,0.11361,0.17261,0.30503,0.90316,0.01384,0.00193,0.00303
483000,00000,Water transportation,United States,2397,65437,6572454,71896,9152195,8340000,11386000,1016000,738000,21480000,0.6733,70445000,-13783000,1519000,12748915,61583,-26240,0,8979782,61465218,47682218,1.28906,0.00102,0.12992,0.11839,0.16163,0.30492,0.98285,0.01705,0.00306,0.0048
484000,00000,Truck transportation,United States,174875,1565912,100190531,2553784,182344576,130659000,126973000,4969000,20058000,282659000,0.73062,1053964000,81904000,1200000,203741335,19175089,2453614,0,64273741,989690259,1071594259,0.92357,0.00242,0.17301,0.12397,0.12047,0.26819,0.92357,0.02118,0.001,0.00157
485000,00000,Transit and ground passenger transportation,United States,20905,405899,19017668,1763944,47798236,27665000,26879000,1051000,-15470000,40125000,0.55174,89531000,4000,9000,35850590,90421,0,0,5888,89525112,89529112,0.99996,0.0197,0.53387,0.309,0.30022,0.44817,0.95731,-0.16744,0.00249,0.0039
486000,00000,Pipeline transportation,United States,3355,51182,7288242,52240,50644319,8904000,36578000,4233000,3389000,53104000,0.63385,145266000,22114000,87000,4194308,438032,1014647,0,18716624,126549376,148663376,0.85125,0.00036,0.34863,0.06129,0.2518,0.36556,0.85125,0.0366,0.00618,0.00969
48A000,00000,Scenic and sightseeing transportation and support activities for transportation,United States,59931,890878,63883067,972754,87955981,71016000,37635000,1491000,256000,110398000,0.50403,223723000,809000,522000,15504753,1345027,0,0,2923449,220799551,221608551,0.99635,0.00435,0.39315,0.31743,0.16822,0.49346,0.95682,0.00418,0.00141,0.00222
491000,00000,Postal service,United States,21267,427019,29216331,491407,60887405,60752000,15224000,0,8000,75984000,0.05454,80380000,339000,5000,6678975,736357,0,0,574655,79805345,80144345,0.99577,0.00611,0.75749,0.75581,0.1894,0.94531,0.95675,0.0001,0.0,0.0
492000,00000,Couriers and messengers,United States,22912,1099662,55181718,3360459,65932266,65690000,33885000,1341000,268000,101184000,0.39103,166315000,-4286000,106000,7236663,442025,0,0,14012144,152302856,148016856,1.02896,0.02021,0.39643,0.39497,0.20374,0.60839,0.96104,0.00528,0.00171,0.00268
493000,00000,Warehousing and storage,United States,21643,1909812,93133324,1997562,108755215,109062000,4242000,999000,266000,114569000,0.3815,185410000,65000,113000,484427,1012059,0,0,321370,185088630,185153630,0.99965,0.01077,0.58657,0.58822,0.02288,0.61792,0.95727,0.00389,0.00114,0.00179
4B0000,00000,All other retail,United States,278004,2435463,105864636,3424814,122929391,104248000,91145000,4246000,40097000,239736000,0.62829,645444000,35036000,92000,189905922,14071833,1375861,0,30557449,614886551,649922551,0.94609,0.00531,0.19046,0.16151,0.14121,0.37143,0.94609,0.003,0.04947,0.01624
511110,00000,Newspaper publishers,United States,7437,103633,7581767,103841,10368506,9127000,10159000,410000,521000,20217000,0.23871,26641000,342000,52000,19034745,161011,-455328,0,510660,26130340,26472340,0.98708,0.0039,0.38919,0.34259,0.38133,0.75887,0.95554,0.02657,0.00326,0.00512
511120,00000,Periodical Publishers,United States,7937,71210,8034465,77926,11025790,8783000,10455000,487000,329000,20054000,0.23432,26215000,488000,3000,13455499,256808,48170,0,1075761,25139239,25627239,0.98096,0.00297,0.42059,0.33504,0.39882,0.76498,0.95468,0.02101,0.00394,0.00618
511130,00000,Book publishers,United States,5163,56678,5975239,55806,7437673,6229000,7265000,294000,1166000,14954000,0.60055,37640000,1587000,63000,19552261,8899181,-34151,0,1505664,36134336,37721336,0.95793,0.00148,0.1976,0.16549,0.19301,0.39729,0.95126,0.03454,0.00166,0.0026
5111A0,00000,"Directory, mailing list, and other publishers",United States,9971,74162,9833404,79639,10828046,9759000,11531000,497000,531000,22318000,0.32542,33184000,562000,59000,16721617,583426,16354,0,800631,32383369,32945369,0.98294,0.0024,0.3263,0.29409,0.34749,0.67255,0.95496,0.02282,0.00317,0.00498
511200,00000,Software publishers,United States,75011,634165,119535333,783549,123790030,128186000,148755000,4385000,7858000,289184000,0.34853,444914000,3125000,640000,106876466,203215294,212190,0,31738432,413175568,416300568,0.99249,0.00176,0.27823,0.28811,0.33435,0.64998,0.9563,0.02215,0.00209,0.00328
512100,00000,Motion picture and video industries,United States,33831,418192,35800316,520964,49492759,43168000,45615000,3334000,1928000,94045000,0.45467,172968000,10954000,304000,21609695,46248725,-156514,0,18019122,154948878,165902878,0.93397,0.00301,0.28614,0.24957,0.26372,0.54371,0.93397,0.01993,0.00409,0.00641
512200,00000,Sound recording industries,United States,5116,20822,2458946,39418,3605967,3023000,3405000,358000,268000,7054000,0.71072,24910000,1850000,150000,3066638,2746833,-197678,0,1461111,23448889,25298889,0.92687,0.00158,0.14476,0.12136,0.13669,0.28318,0.92687,0.01731,0.00305,0.00478
515100,00000,Radio and television broadcasting,United States,3525,71894,6761561,186195,39118652,18875000,59205000,292000,1124000,79496000,0.32216,117297000,1531000,23000,13043085,9322222,-3609,0,3565782,113731218,115262218,0.98672,0.00159,0.3335,0.16092,0.50474,0.67773,0.95549,0.01072,0.00053,0.00083
515200,00000,Cable and other subscription programming,United States,15463,286771,53780618,124717,26202545,12646000,39665000,1099000,1031000,54441000,0.55435,122470000,965000,137000,15875569,28559328,-698,0,2271892,120198108,121163108,0.99204,0.00102,0.21395,0.10326,0.32388,0.44453,0.95623,0.01251,0.0019,0.00298
517110,00000,Wired telecommunications carriers,United States,20112,473028,49207369,654887,61584155,62344000,174261000,1778000,18405000,256788000,0.33326,387366000,385000,1515000,195970980,10638310,0,0,6753788,380612212,380997212,0.99899,0.00169,0.15898,0.16094,0.44986,0.66291,0.95718,0.02709,0.01223,0.01278
517210,00000,Wireless telecommunications carriers (except satellite),United States,11495,135639,13775194,174290,17831904,15857000,44628000,490000,10337000,71312000,0.72284,275681000,34000,5087000,138645768,1076188,0,0,4271751,271409249,271443249,0.99987,0.00063,0.06468,0.05752,0.16188,0.25868,0.9573,0.02581,0.00662,0.00684
517A00,00000,"Satellite, telecommunications resellers, and all other telecommunications",United States,5759,54207,7723433,77720,9485498,9621000,26476000,47000,4853000,40997000,0.24873,54820000,63000,180000,23426789,1198434,0,0,912967,53907033,53970033,0.99883,0.00142,0.17303,0.1755,0.48296,0.74785,0.95716,0.02539,0.03194,0.03205
518200,00000,"Data processing, hosting, and related services",United States,46737,472924,74729519,580399,94106764,88451000,106973000,2353000,2440000,200217000,0.45157,366256000,3417000,619000,68550837,96125459,32267,0,6827525,359428475,362845475,0.99058,0.00158,0.25694,0.2415,0.29207,0.54666,0.95603,0.00959,0.00136,0.00214
519130,00000,Internet publishing and broadcasting and Web search portals,United States,13697,154539,46739507,317741,91633099,88845000,108833000,2183000,2155000,202016000,0.41868,347991000,6584000,253000,36341357,17266062,3354,0,15980777,332010223,338594223,0.98055,0.00091,0.26332,0.25531,0.31275,0.58052,0.95462,0.00905,0.00133,0.00209
5191A0,00000,"News syndicates, libraries, archives and all other information services",United States,7537,152239,6481966,83298,11296536,9366000,11421000,397000,31000,21215000,0.01502,21542000,195000,4000,8862413,4477460,215,0,1244692,20297308,20492308,0.99048,0.00387,0.5244,0.43478,0.53017,0.98482,0.95602,0.00983,0.00391,0.00613
522A00,00000,Nondepository credit intermediation and related activities,United States,35129,369363,43552489,1203534,139802128,135847000,192487000,5652000,3634000,337620000,0.3325,507575000,646000,1129000,86924469,3346280,0,0,43827607,463747393,464393393,0.99861,0.00237,0.27543,0.26764,0.37923,0.66516,0.95713,0.01223,0.00236,0.0037
523900,00000,Other financial investment activities,United States,97602,562057,149427668,2754153,194707232,172170000,13879000,2381000,1497000,189927000,0.54287,417464000,38000,820000,186220499,782392,0,0,56089303,361374697,361412697,0.99989,0.0066,0.4664,0.41242,0.03325,0.45495,0.9573,0.00618,0.00121,0.0019
523A00,00000,Securities and commodity contracts intermediation and brokerage,United States,43456,471937,134361129,2644751,174583159,157239000,9867000,3224000,274000,170604000,0.32451,321972000,153000,46859000,91362282,2136972,0,0,26759448,295212552,295365552,0.99948,0.00821,0.54223,0.48836,0.03065,0.52987,0.95725,0.00541,0.00212,0.00333
524113,00000,Direct life insurance carriers,United States,5288,233759,28412504,303660,35231533,34820000,37524000,0,4085000,76429000,0.2494,101957000,36000,103000,100430554,891944,0,0,53654,101903346,101939346,0.99965,0.00298,0.34555,0.34152,0.36804,0.74962,0.95727,0.025,0.00753,0.00753
5241XX,00000,"Insurance carriers, except direct life",United States,29611,993061,105317795,1434756,144690407,143066000,125903000,1000,16549000,285519000,0.54723,631543000,56922000,409000,336280928,9295629,0,0,22871345,608671655,665593655,0.91448,0.00227,0.22911,0.22653,0.19936,0.4521,0.91448,0.025,0.0006,0.0006
524200,00000,"Insurance agencies, brokerages, and related activities",United States,182025,1298602,121610895,1956997,173570798,170453000,134227000,8294000,19000,312993000,0.33587,471806000,128000,289000,782845,3126871,0,0,386341,471419659,471547659,0.99973,0.00415,0.36789,0.36128,0.2845,0.66339,0.95728,0.00805,0.00373,0.00584
525000,00000,"Funds, trusts, and other financial vehicles",United States,8901,27717,4782844,847970,16233151,5349000,22288000,630000,56000,28323000,0.77812,127819000,1000,36000,123403542,20372,0,0,1113,127817887,127818887,0.99999,0.00663,0.127,0.04185,0.17437,0.22159,0.95732,0.00268,0.00104,0.00164
52A000,00000,Monetary authorities and depository credit intermediation,United States,160304,2339084,247934072,1832781,213855302,207929000,296429000,14974000,-445000,518887000,0.30771,752589000,10837000,2054000,304448309,3585483,0,0,42109158,710479842,721316842,0.98498,0.00244,0.28416,0.27628,0.39388,0.68947,0.95525,0.00847,0.00422,0.00662
531HSO,00000,Owner-occupied housing,United States,0,0,0,679,40688,44,1585645000,235871000,-15358000,1806158044,0.10383,2015611000,0,0,2015331386,278508,0,0,0,2015611000,2015611000,1.0,0.0,2e-05,0.0,0.78668,0.89608,0.95732,0.04569,0.02481,0.03891
531HST,00000,Tenant-occupied housing,United States,66312,387814,22916856,1942024,49691499,25664000,440004000,76460000,-32396000,509732000,0.13852,591853000,11000,148000,565180199,26657552,0,0,15512,591837488,591848488,0.99998,0.00328,0.08396,0.04336,0.74343,0.86125,0.95732,0.00411,0.02739,0.04295
531ORE,00000,Other real estate,United States,347112,1434857,113347516,9196607,261117936,137462000,567472000,34585000,378000,739897000,0.57529,1744192000,46000,656000,6721215,192684953,0,0,3463731,1740728269,1740774269,0.99997,0.00527,0.14971,0.07881,0.32535,0.42421,0.95732,0.00925,0.0042,0.00659
532100,00000,Automotive equipment rental and leasing,United States,17134,201363,12112794,214498,28058307,14348000,76847000,2737000,8116000,102048000,0.25114,136307000,59000,28000,54461758,97074,0,0,2971831,133335169,133394169,0.99956,0.00157,0.20585,0.10526,0.56378,0.74866,0.95726,0.00915,0.05333,0.01714
532400,00000,Commercial and industrial machinery and equipment rental and leasing,United States,17685,175584,15139042,267718,34503086,17509000,90803000,3671000,7988000,119971000,0.29058,169445000,-10000,248000,1325943,294121,0,0,7228053,162216947,162206947,1.00006,0.00158,0.20362,0.10333,0.53588,0.70802,0.95733,0.00987,0.04345,0.01549
532A00,00000,General and consumer goods rental,United States,21579,161197,8786822,179442,23401187,10223000,55832000,1841000,2146000,70042000,0.04209,73143000,26000,13000,21081108,224939,0,0,2993577,70149423,70175423,0.99963,0.00245,0.31994,0.13977,0.76333,0.9576,0.95727,0.01147,0.02952,0.01353
533000,00000,Lessors of nonfinancial intangible assets,United States,3758,22685,3068410,31165,3974868,3717000,20370000,2080000,0,26167000,0.8589,202223000,2000,2325000,44456,56541,0,0,73394734,128828266,128830266,0.99998,0.00015,0.01966,0.01838,0.10073,0.1294,0.95732,0.00469,0.00218,0.00342
541100,00000,Legal services,United States,202211,1178539,141326485,2003947,216997661,169206000,133737000,1521000,24464000,328928000,0.23133,428118000,5741000,118000,122983430,40666965,0,0,19457798,408660202,414401202,0.98615,0.00468,0.50686,0.39523,0.31238,0.76831,0.95541,0.00162,0.04785,0.01123
541200,00000,"Accounting, tax preparation, bookkeeping, and payroll services",United States,171227,1125318,103312733,1502458,153289248,122709000,47964000,1811000,541000,173025000,0.27034,237370000,4801000,152000,19014425,1062556,0,0,5747552,231622448,236423448,0.97969,0.00633,0.64578,0.51695,0.20206,0.72893,0.9545,0.00575,0.00162,0.00254
541300,00000,"Architectural, engineering, and related services",United States,160518,1671398,173926283,2639618,255892438,209724000,80215000,2344000,1740000,294023000,0.38091,476988000,18727000,1205000,684563,79416555,0,0,43957617,433030383,451757383,0.95855,0.00553,0.53648,0.43968,0.16817,0.61642,0.95136,0.00589,0.00104,0.00163
541400,00000,Specialized design services,United States,45422,151565,12258507,179926,18277365,14733000,5748000,42000,1579000,22102000,0.50009,44255000,540000,15000,8352321,101208,-105,0,214871,44040129,44580129,0.98789,0.00407,0.413,0.33291,0.12988,0.49942,0.95566,0.00043,0.02961,0.00659
541511,00000,Custom computer programming services,United States,179112,1114068,168918930,1810145,212986136,191289000,23677000,1308000,2011000,218285000,0.22938,284160000,12265000,650000,4154086,219185995,3191,0,14977507,269182493,281447493,0.95642,0.00637,0.74953,0.67317,0.08332,0.76818,0.95103,0.00917,0.00098,0.00153
541512,00000,Computer systems design services,United States,165648,1150798,152356834,1719402,191400447,172971000,20997000,1038000,3580000,198586000,0.37497,320409000,18737000,1635000,5143366,128021143,6585,0,20514563,299894437,318631437,0.9412,0.00537,0.59736,0.53984,0.06553,0.61979,0.9412,0.01265,0.00069,0.00108
54151A,00000,"Other computer related services, including facilities management",United States,34138,223622,30913016,349496,38414020,34848000,4270000,190000,572000,39880000,0.38004,64604000,5141000,162000,1954509,8907701,529,0,7457553,57146447,62287447,0.91746,0.00541,0.59461,0.53941,0.06609,0.6173,0.91746,0.01019,0.00062,0.00098
541610,00000,Management consulting services,United States,297612,1500481,174474500,2155098,237939400,194130000,74451000,2300000,1187000,272068000,0.30011,389799000,34436000,747000,17464048,22140355,0,0,71125046,318673954,353109954,0.90248,0.00553,0.61042,0.49803,0.191,0.69797,0.90248,0.00573,0.00125,0.00196
5416A0,00000,Environmental and other technical consulting services,United States,66932,308069,32059603,445670,43722647,35487000,14092000,540000,129000,50248000,0.32602,74888000,80000,211000,8931,836932,0,0,399268,74488732,74568732,0.99893,0.00595,0.58384,0.47387,0.18817,0.67098,0.95717,0.00501,0.00153,0.0024
541700,00000,Scientific research and development services,United States,50558,899711,145525503,1629509,197296528,167392000,67953000,3475000,49000,238869000,0.47478,455502000,16717000,351000,11087178,417310790,0,0,27147245,428354755,445071755,0.96244,0.00358,0.43314,0.36749,0.14918,0.52441,0.95195,0.00358,0.00162,0.00254
541800,00000,"Advertising, public relations, and related services",United States,72890,495601,51150188,617569,71912115,57899000,22754000,504000,1192000,82349000,0.45892,152778000,3034000,318000,244832,581083,0,0,7254184,145523816,148557816,0.97958,0.00404,0.4707,0.37897,0.14894,0.53901,0.95448,0.0093,0.0007,0.0011
541920,00000,Photographic services,United States,15565,47234,1960773,32282,2890555,2277000,903000,4000,1040000,4224000,0.70134,14357000,599000,56000,8042349,1256130,0,0,309766,14047234,14646234,0.9591,0.00225,0.20133,0.1586,0.0629,0.29421,0.95144,0.00013,0.06007,0.01252
541940,00000,Veterinary services,United States,34019,453106,23308737,482371,37440965,29123000,11433000,410000,87000,41053000,0.30905,59595000,23000,125000,46829203,569628,0,0,27468,59567532,59590532,0.99961,0.00809,0.62826,0.48868,0.19184,0.68887,0.95727,0.00459,0.00146,0.00229
5419A0,00000,"All other miscellaneous professional, scientific, and technical services ",United States,74205,345960,33432152,411210,41843137,34052000,12872000,575000,214000,47713000,0.55404,107637000,5203000,290000,1448,251010,0,0,5660764,101976236,107179236,0.95146,0.00382,0.38874,0.31636,0.11959,0.44328,0.95026,0.00442,0.00113,0.00178
550000,00000,Management of companies and enterprises,United States,87274,2508297,362400676,2953918,424363805,425103000,43433000,9731000,2244000,480511000,0.36167,755856000,978000,1903000,217713,23885944,0,0,5452266,750403734,751381734,0.9987,0.00391,0.56143,0.56241,0.05746,0.63572,0.95714,0.00883,0.00273,0.00428
561100,00000,Office administrative services,United States,71445,596877,60272908,1503877,82006671,72074000,20630000,798000,349000,93851000,0.26639,127989000,2383000,46000,2164347,4655746,0,0,3874956,124114044,126497044,0.98116,0.01175,0.64073,0.56313,0.16119,0.73327,0.95471,0.00557,0.00132,0.00207
561200,00000,Facilities support services,United States,7554,166994,9924983,298442,14129076,12398000,3554000,139000,114000,16205000,0.62432,43259000,79000,35000,3583,99860,0,0,156740,43102260,43181260,0.99817,0.0069,0.32662,0.2866,0.08216,0.3746,0.95707,0.0041,0.00068,0.00107
561300,00000,Employment services,United States,150298,3871113,208716709,4790718,251421008,223146000,62925000,2950000,1431000,290452000,0.43918,519321000,3429000,716000,2614032,5418925,0,0,2471959,516849041,520278041,0.99341,0.00922,0.48413,0.42969,0.12117,0.55929,0.95642,0.00534,0.0012,0.00189
561400,00000,Business support services,United States,59231,789635,45913964,1187946,60828637,54106000,15180000,297000,1260000,70843000,0.47375,135290000,274000,342000,6925145,872487,-11148,0,714908,134575092,134849092,0.99797,0.00878,0.44962,0.39993,0.1122,0.52364,0.95704,0.01031,0.00047,0.00073
561500,00000,Travel arrangement and reservation services,United States,21494,177013,15692102,359282,21239613,18939000,5393000,136000,468000,24936000,0.65047,71450000,205000,32000,29394097,318736,0,0,1284878,70165122,70370122,0.99709,0.00503,0.29727,0.26507,0.07548,0.349,0.95692,0.00742,0.0004,0.00063
561600,00000,Investigation and security services,United States,37828,968959,42310130,1145277,61045944,53990000,15353000,172000,1449000,70964000,0.31155,103073000,205000,5000,14004754,189323,0,0,382668,102690332,102895332,0.99801,0.01111,0.59226,0.5238,0.14895,0.68848,0.95705,0.01482,0.00035,0.00055
561700,00000,Services to buildings and dwellings,United States,245704,2226196,88043822,2713959,132572493,114642000,32649000,440000,3328000,151059000,0.4989,302067000,365000,310000,27244925,1742584,0,0,1008889,301058111,301423111,0.99879,0.00898,0.43888,0.37953,0.10809,0.50008,0.95716,0.01168,0.00031,0.00048
561900,00000,Other support services,United States,32360,332876,19143537,527707,26714572,23488000,6762000,146000,680000,31076000,0.48582,60488000,282000,23000,944942,189935,-6201,0,1335610,59152390,59434390,0.99526,0.00872,0.44165,0.38831,0.11179,0.51375,0.95668,0.01234,0.00051,0.0008
562000,00000,Waste management and remediation services,United States,35186,501024,35145200,530994,43135211,41119000,25296000,2363000,2152000,70930000,0.56079,161607000,784000,64000,31655629,-177868,20816,0,1466300,160140700,160924700,0.99513,0.00329,0.26691,0.25444,0.15653,0.4389,0.95666,0.01998,0.0031,0.00486
611100,00000,Elementary and secondary schools,United States,20397,888236,44185346,1401048,64337538,59914000,9992000,2925000,344000,73175000,0.0642,78206000,96000,0,73658413,2822633,0,0,108191,78097809,78193809,0.99877,0.01791,0.82267,0.7661,0.12777,0.93567,0.95715,0.02144,0.00793,0.01243
611A00,00000,"Junior colleges, colleges, universities, and professional schools",United States,13743,1246546,96977395,2283924,136353770,131864000,21961000,5688000,2420000,161933000,0.34574,248113000,2844000,354000,194389135,39019191,0,0,3499261,244613739,247457739,0.98851,0.00921,0.54956,0.53147,0.08851,0.65266,0.95574,0.0202,0.00486,0.00762
611B00,00000,Other educational services,United States,118197,847457,38186129,1194888,53776497,49606000,8371000,1811000,688000,60476000,0.2993,86364000,320000,28000,62302387,1657960,0,0,3753323,82610677,82930677,0.99614,0.01384,0.62267,0.57438,0.09693,0.70025,0.9568,0.01752,0.00445,0.00697
621100,00000,Offices of physicians,United States,227347,2857330,295892567,4906743,409997731,359907000,85398000,1597000,6000,446908000,0.24089,588722000,49000,0,582430485,1064187,0,0,335451,588386549,588435549,0.99992,0.00833,0.69642,0.61134,0.14506,0.75912,0.95731,0.00125,0.00058,0.0009
621200,00000,Offices of dentists,United States,134827,1019077,61336767,1061634,86405861,75121000,17941000,547000,1000,93610000,0.3955,154847000,93000,0,154777944,12024,0,0,52441,154794559,154887559,0.9994,0.00686,0.55801,0.48513,0.11586,0.60453,0.95724,0.00162,0.00075,0.00117
621300,00000,Offices of other health practitioners,United States,178937,1094732,53886970,915291,73852711,64128000,15352000,49000,12000,79541000,0.39013,130422000,63000,0,121238120,123276,0,0,95112,130326888,130389888,0.99952,0.00702,0.56626,0.4917,0.11771,0.60987,0.95725,0.00026,8e-05,0.00012
621400,00000,Outpatient care centers,United States,47194,1030703,79511712,1284471,109337157,96434000,23254000,282000,267000,120237000,0.43678,213525000,75000,0,208505761,458146,0,0,74786,213450214,213525214,0.99965,0.00602,0.51206,0.45163,0.10891,0.56311,0.95727,0.00185,0.00028,0.00044
621500,00000,Medical and diagnostic laboratories,United States,28774,325662,25179286,389528,33732074,29204000,7055000,130000,117000,36506000,0.4804,70297000,80000,0,48667512,204010,0,0,71947,70225053,70305053,0.99886,0.00554,0.47985,0.41544,0.10036,0.51931,0.95717,0.00251,0.00039,0.00061
621600,00000,Home health care services,United States,47124,1535883,59377736,1076215,81790455,71556000,17229000,209000,109000,89103000,0.20559,112175000,31000,0,111555162,107526,0,0,126074,112048926,112079926,0.99972,0.00959,0.72913,0.6379,0.15359,0.79432,0.95728,0.00182,0.00039,0.00062
621900,00000,Other ambulatory health care services,United States,18560,327602,19994947,325258,26420235,23068000,5500000,64000,76000,28708000,0.39561,47522000,51000,0,35830126,130704,0,0,81392,47440608,47491608,0.99893,0.00684,0.55596,0.48542,0.11574,0.6041,0.95717,0.00221,0.00029,0.00045
622000,00000,Hospitals,United States,13484,5076150,395617913,5158317,504195561,495498000,88998000,11342000,2637000,598475000,0.44237,1073547000,7531000,0,1056392701,13545508,0,0,8326323,1065220677,1072751677,0.99298,0.0048,0.46965,0.46155,0.0829,0.55747,0.95636,0.00727,0.00224,0.00351
623A00,00000,Nursing and community care facilities,United States,47814,2229700,94114031,2307334,119378864,114853000,6869000,2310000,2494000,126526000,0.37333,202366000,29000,256000,196573429,65115,0,0,156052,202209948,202238948,0.99986,0.0114,0.58992,0.56755,0.03394,0.62523,0.9573,0.01752,0.00242,0.0038
623B00,00000,"Residential mental health, substance abuse, and other residential care facilities",United States,41809,853742,39822612,900021,47890712,46051000,2845000,1219000,1009000,51124000,0.4079,86464000,87000,54000,86408986,45289,0,0,38415,86425585,86512585,0.99899,0.01041,0.55388,0.5326,0.0329,0.59127,0.95718,0.01809,0.00299,0.00469
624100,00000,Individual and family services,United States,969523,2992199,94177577,3423957,120853871,109383000,13638000,-4730000,1001000,119292000,0.30381,171345000,5000,0,171037668,195636,0,0,7771,171337229,171342229,0.99997,0.01998,0.70532,0.63838,0.07959,0.69621,0.95732,-0.02176,0.0,0.0
624400,00000,Child day care services,United States,75972,905270,27605652,1034476,36634863,32599000,4186000,-1253000,174000,35706000,0.23027,46386000,1000,0,46355959,32055,0,0,937,46385063,46386063,0.99998,0.0223,0.78978,0.70278,0.09024,0.76976,0.95732,-0.02326,0.0,0.0
624A00,00000,"Community food, housing, and other relief services, including rehabilitation services",United States,24720,506878,21538151,762552,27691708,24869000,3208000,-1073000,220000,27224000,0.66594,81544000,1000,0,81406376,65779,0,0,705,81543295,81544295,0.99999,0.00935,0.33959,0.30498,0.03934,0.33386,0.95732,-0.01046,0.0,0.0
711100,00000,Performing arts companies,United States,12075,124914,7151248,318721,15961030,8043000,10041000,-8000,557000,18633000,0.37604,29903000,396000,24000,16262772,4714978,0,0,200078,29702922,30098922,0.98684,0.01066,0.53376,0.26897,0.33579,0.62311,0.95551,0.00836,0.01,0.0
711200,00000,Spectator sports,United States,7893,142807,28322558,1127962,45973054,33371000,30626000,-48000,1065000,65014000,0.12585,74412000,646000,17000,19202745,219641,0,0,1413140,72998860,73644860,0.99123,0.01516,0.61782,0.44846,0.41157,0.8737,0.95612,0.00367,0.01,0.0
711500,00000,"Independent artists, writers, and performers",United States,36913,59198,9966832,336651,20878475,10869000,11709000,-8000,1635000,24205000,0.513,50152000,96000,224000,2270042,855654,0,0,381270,49770730,49866730,0.99807,0.00671,0.4163,0.21672,0.23347,0.48263,0.95706,0.01244,0.01,0.01
711A00,00000,Promoters of performing arts and sports and agents for public figures,United States,16485,183185,12494612,523098,26602000,14278000,16393000,-17000,1409000,32063000,0.53575,69280000,959000,91000,27655125,4087320,0,0,580451,68699549,69658549,0.98623,0.00755,0.38398,0.20609,0.23662,0.4628,0.95542,9e-05,0.01,0.01
712000,00000,"Museums, historical sites, zoos, and parks",United States,9706,233695,10682758,167318,9196376,8906000,10240000,-18000,849000,19977000,0.42148,34536000,2000,0,33749190,103661,0,0,5633,34530367,34532367,0.99994,0.00484,0.26628,0.25788,0.2965,0.57844,0.95731,0.01406,0.01,0.0
713100,00000,Amusement parks and arcades,United States,3978,219288,7442690,223606,10521610,9963000,2825000,214000,3483000,16485000,0.39663,27416000,11000,51000,22213345,296085,0,0,45093,27370907,27381907,0.9996,0.00816,0.38378,0.3634,0.10304,0.60129,0.95726,0.03532,0.06518,0.03436
713200,00000,Gambling industries (except casino hotels),United States,4377,208731,10264547,250213,9529947,8880000,3115000,960000,1378000,14333000,0.56586,33229000,5000,70000,32758702,126695,0,0,10043,33218957,33223957,0.99985,0.00753,0.2868,0.26724,0.09374,0.43134,0.9573,0.02353,0.02686,0.01997
713900,00000,Other amusement and recreation industries,United States,88347,1468103,39339277,1508552,52213877,48782000,15501000,3351000,9272000,76906000,0.4343,136287000,30000,170000,111041487,243411,0,0,194848,136092152,136122152,0.99978,0.01107,0.38312,0.35794,0.11374,0.56429,0.95729,0.02821,0.03923,0.02518
721000,00000,Accommodation,United States,77165,1850878,74532219,2020422,103907823,92854000,87291000,7352000,21228000,208725000,0.33688,315646000,22000,595000,224629457,1485700,0,0,135782,315510218,315532218,0.99993,0.0064,0.32919,0.29417,0.27655,0.66126,1.0,0.01061,0.05,0.02994
722110,00000,Full-service restaurants,United States,256605,5141718,147057457,6146970,210593242,199036000,58546000,2305000,34011000,293898000,0.43026,518471000,2000,1433000,391022968,181801,108,0,1052425,517418575,517420575,1.0,0.01186,0.40618,0.38389,0.11292,0.56686,0.95732,0.00203,0.00422,0.0638
722211,00000,Limited-service restaurants,United States,256690,4463913,96537376,4333346,138358205,130473000,38955000,1443000,28793000,199664000,0.588,487342000,1000,1034000,429043931,634461,44,0,1030540,486311460,486312460,1.0,0.00889,0.2839,0.26772,0.07993,0.4097,0.95732,0.00135,0.00358,0.05711
722A00,00000,All other food and drinking places,United States,170195,2068538,54770196,2249518,77490021,73316000,21547000,1386000,7785000,104034000,0.37641,167046000,0,144000,95927074,179483,0,0,211506,166834494,166834494,1.0,0.01347,0.46388,0.4389,0.12899,0.62279,0.95732,0.00378,0.00362,0.0475
811100,00000,Automotive repair and maintenance (including car washes),United States,172974,997255,49260850,1706898,95640488,60887000,20180000,237000,7639000,88943000,0.49938,177686000,49000,27000,151208464,18567,0,0,44764,177641236,177690236,0.99972,0.00961,0.53826,0.34267,0.11357,0.50056,0.95728,0.00061,0.03572,0.008
811200,00000,Electronic and precision equipment repair and maintenance,United States,16934,108073,7824357,218530,12231301,8112000,2701000,65000,586000,11464000,0.4416,20559000,12000,9000,2255553,13060,0,0,51731,20507269,20519269,0.99942,0.01063,0.59494,0.39457,0.13138,0.55761,0.95724,0.00144,0.02416,0.00606
811300,00000,Commercial and industrial machinery and equipment repair and maintenance,United States,30797,227469,17375211,556645,29743831,20191000,6651000,244000,635000,27721000,0.46932,52261000,0,12000,4176,139254,0,0,29849,52231151,52231151,1.0,0.01065,0.56914,0.38635,0.12727,0.53043,0.95732,0.00213,0.011,0.00369
811400,00000,Personal and household goods repair and maintenance,United States,24811,85544,3921764,133426,7580737,4749000,1588000,24000,1356000,7717000,0.61887,20269000,1177000,11000,9181859,9284,0,0,2148,20266852,21443852,0.94511,0.00658,0.37401,0.2343,0.07835,0.38073,0.94511,0.00054,0.05539,0.01215
812100,00000,Personal care services,United States,146928,720321,22878448,2014566,63129973,34598000,11442000,394000,1781000,48215000,0.49106,94780000,0,12000,93908569,0,0,0,395,94779605,94779605,1.0,0.02126,0.66607,0.36503,0.12072,0.5087,0.95732,0.00189,0.01637,0.00469
812200,00000,Death care services,United States,19506,143591,6829164,679155,21693354,10301000,3394000,93000,700000,14488000,0.3632,25938000,0,2027000,25340336,3095,0,0,0,25938000,25938000,1.0,0.02618,0.83635,0.39714,0.13085,0.55856,0.95732,0.00163,0.023,0.00594
812300,00000,Dry-cleaning and laundry services,United States,29234,250730,10118668,934982,27756384,15275000,5073000,69000,1665000,22082000,0.35612,34314000,25000,2000,16887624,0,0,0,36,34313964,34338964,0.99927,0.02725,0.80889,0.44515,0.14784,0.64353,0.95722,0.00092,0.04042,0.0092
812900,00000,Other personal services,United States,59862,387843,13998731,1173737,36311253,20464000,6694000,221000,2312000,29691000,0.61634,77422000,0,8000,68360161,135,0,0,62,77421938,77421938,1.0,0.01516,0.469,0.26432,0.08646,0.3835,0.95732,0.0013,0.02522,0.0062
813100,00000,Religious organizations,United States,378624,500628,29736266,602344,36348799,35726000,11323000,3004000,0,50053000,0.58743,121349000,0,0,121333098,15592,0,0,0,121349000,121349000,1.0,0.00496,0.29954,0.29441,0.09331,0.41247,0.95732,0.01128,0.00525,0.00823
813A00,00000,"Grantmaking, giving, and social advocacy organizations",United States,52356,398208,28062832,953163,61621409,60723000,19899000,4823000,13000,85458000,0.01334,86631000,56000,0,75768944,1450684,0,0,84622,86546378,86602378,0.99935,0.011,0.71131,0.70094,0.2297,0.98646,0.95723,0.02551,0.0118,0.01851
813B00,00000,"Civic, social, professional, and similar organizations",United States,90456,746785,41414964,1575575,98820078,97363000,31331000,3444000,210000,132348000,0.13094,152282000,16000,0,76620912,218183,0,0,36867,152245133,152261133,0.99989,0.01035,0.64893,0.63936,0.20574,0.8691,0.9573,0.01168,0.00479,0.00752
814000,00000,Private households,United States,198811,207876,7791947,1105950,24547662,24559000,0,0,-1000,24558000,0.0,24558000,0,0,24558116,0,0,0,0,24558000,24558000,1.0,0.04503,0.99958,1.00004,0.0,1.0,0.95732,-4e-05,0.0,0.0
GSLGE,00000,State and local government (educational services),United States,67377,8642802,517730170,9179220,776358786,775316000,115277000,0,2294000,892887000,0.28726,1252927000,3628000,0,145121432,51761751,-14822,1037177376,4054479,1248872521,1252500521,0.9971,0.00733,0.61964,0.6188,0.09201,0.71264,0.95693,0.0,0.00158,0.00025
GSLGH,00000,State and local government (hospitals and health services),United States,5954,1549124,126252602,2069008,179143090,178806000,41706000,0,669000,221181000,0.46905,416595000,1919000,0,295649665,4823181,0,114373412,2127606,414467394,416386394,0.99539,0.00497,0.43002,0.42921,0.10011,0.53093,0.95669,0.0,0.00071,0.0009
GSLGO,00000,State and local government (other services),United States,114248,5835946,403275749,6777635,600155509,599600000,127855000,0,2216000,729671000,0.44936,1325329000,3627000,0,60591891,21322021,176626,1189529179,5879237,1319449763,1323076763,0.99726,0.00511,0.45284,0.45242,0.09647,0.55056,0.95695,0.0,0.00071,0.00096
S00101,00000,Federal electric utilities,United States,194,11664,1667890,19479,3042181,3037000,1825000,0,1398000,6260000,0.77354,27679000,204000,0,10532652,0,0,0,116200,27562800,27766800,0.99265,0.0007,0.10991,0.10972,0.06593,0.22616,0.95632,0.05051,0.0,0.0
S00102,00000,Other federal government enterprises,United States,1535,30815,2108313,35462,4393771,4384000,1581000,0,494000,6459000,0.66971,19571000,1353000,0,9151879,168081,-16,0,545398,19025602,20378602,0.93361,0.00181,0.2245,0.224,0.08078,0.33003,0.93361,0.02524,0.0,0.0
S00201,00000,State and local government passenger transit,United States,1778,241100,18018196,256596,27244752,27210000,4725000,0,-5051000,26884000,0.08224,29308000,-1000,0,11700598,0,0,0,1835,29306165,29305165,1.00003,0.00876,0.9296,0.92842,0.16122,0.91729,0.95732,0.0,-0.17234,0.0
S00202,00000,State and local government electric utilities,United States,997,80112,8514591,143340,12555965,12569000,3045000,0,3972000,19586000,0.75068,78679000,579000,0,29937236,0,0,0,330278,78348722,78927722,0.99266,0.00182,0.15958,0.15975,0.0387,0.24894,0.95632,0.0,0.02225,0.02824
S00203,00000,Other state and local government enterprises,United States,7234,927903,55584225,985494,83350955,83239000,75717000,0,1129000,160085000,0.57558,377113000,-105000,0,211004049,4285559,0,0,1100748,376012252,375907252,1.00028,0.00261,0.22102,0.22073,0.20078,0.4245,0.95736,0.0,0.00127,0.00172
S00500,00000,Federal general government (defense),United States,16641,671302,63108751,3029615,302556489,301498000,190944000,0,38000,492480000,0.34078,762133000,1292000,9888000,4197901,27385662,-724,726007987,2140720,759992280,761284280,0.9983,0.00398,0.39699,0.3956,0.25054,0.64619,0.95709,5e-05,0.0,0.0
S00600,00000,Federal general government (nondefense),United States,18459,1145759,117885714,1593304,223334597,223249000,148857000,0,165000,372271000,0.3468,574339000,2045000,2822000,-123794645,40796335,22127,502989035,148986345,425352655,427397655,0.99522,0.00277,0.38886,0.38871,0.25918,0.64817,0.95667,0.00029,0.0,0.0
Households,00000,Households,United States,0,0,0,0,0,0,0,0,0,0,0.0,0,0,0,0,0,0,0,0,0,0,0.0,0.0,0.0,0.0,0.0,0.0,0.889,0.09651,0.02848,0.01726
